packet_id,topology,src_node,delivered,delay_ms,hop_count,drop_reason
1,Star-50,45,True,7.252,1,NONE
2,Star-50,37,True,7.689,1,NONE
3,Star-50,48,True,7.703,1,NONE
4,Star-50,39,True,6.47,1,NONE
5,Star-50,49,True,7.287,1,NONE
6,Star-50,41,True,6.889,1,NONE
7,Star-50,47,True,7.325,1,NONE
8,Star-50,13,True,7.07,1,NONE
9,Star-50,18,True,6.739,1,NONE
10,Star-50,19,True,7.302,1,NONE
11,Star-50,10,True,6.9,1,NONE
12,Star-50,26,True,7.595,1,NONE
13,Star-50,1,True,6.873,1,NONE
14,Star-50,17,True,6.931,1,NONE
15,Star-50,15,True,6.948,1,NONE
16,Star-50,40,True,6.973,1,NONE
17,Star-50,20,True,6.154,1,NONE
18,Star-50,32,True,6.623,1,NONE
19,Star-50,24,True,7.162,1,NONE
20,Star-50,48,True,7.719,1,NONE
21,Star-50,40,True,7.322,1,NONE
22,Star-50,29,True,7.217,1,NONE
23,Star-50,24,True,7.376,1,NONE
24,Star-50,13,True,7.041,1,NONE
25,Star-50,14,True,7.384,1,NONE
26,Star-50,16,True,7.617,1,NONE
27,Star-50,36,True,6.545,1,NONE
28,Star-50,10,True,7.58,1,NONE
29,Star-50,9,True,7.665,1,NONE
30,Star-50,9,False,0.0,1,CHANNEL_DROP
31,Star-50,16,True,6.143,1,NONE
32,Star-50,27,True,7.524,1,NONE
33,Star-50,33,True,7.067,1,NONE
34,Star-50,47,True,7.325,1,NONE
35,Star-50,2,True,7.165,1,NONE
36,Star-50,32,True,6.766,1,NONE
37,Star-50,10,True,6.823,1,NONE
38,Star-50,21,True,7.103,1,NONE
39,Star-50,28,True,7.353,1,NONE
40,Star-50,36,True,6.444,1,NONE
41,Star-50,22,True,6.711,1,NONE
42,Star-50,21,True,7.297,1,NONE
43,Star-50,5,True,6.83,1,NONE
44,Star-50,24,True,7.118,1,NONE
45,Star-50,22,True,7.352,1,NONE
46,Star-50,28,True,7.321,1,NONE
47,Star-50,23,True,6.99,1,NONE
48,Star-50,7,True,6.835,1,NONE
49,Star-50,15,True,7.664,1,NONE
50,Star-50,40,True,7.215,1,NONE
51,Star-50,45,True,6.489,1,NONE
52,Star-50,22,True,6.839,1,NONE
53,Star-50,5,True,7.379,1,NONE
54,Star-50,14,True,6.765,1,NONE
55,Star-50,21,True,6.62,1,NONE
56,Star-50,11,True,6.493,1,NONE
57,Star-50,28,True,7.197,1,NONE
58,Star-50,8,True,6.704,1,NONE
59,Star-50,34,True,6.645,1,NONE
60,Star-50,1,True,7.709,1,NONE
61,Star-50,19,True,6.183,1,NONE
62,Star-50,25,True,6.898,1,NONE
63,Star-50,23,True,6.881,1,NONE
64,Star-50,5,True,7.285,1,NONE
65,Star-50,27,True,6.577,1,NONE
66,Star-50,40,True,7.126,1,NONE
67,Star-50,7,True,6.985,1,NONE
68,Star-50,20,True,6.298,1,NONE
69,Star-50,41,True,6.859,1,NONE
70,Star-50,47,True,6.748,1,NONE
71,Star-50,17,True,7.258,1,NONE
72,Star-50,12,True,7.192,1,NONE
73,Star-50,38,True,7.559,1,NONE
74,Star-50,40,True,7.411,1,NONE
75,Star-50,31,True,6.359,1,NONE
76,Star-50,33,True,6.83,1,NONE
77,Star-50,19,True,7.479,1,NONE
78,Star-50,33,True,7.319,1,NONE
79,Star-50,3,True,7.131,1,NONE
80,Star-50,31,True,7.769,1,NONE
81,Star-50,22,True,6.123,1,NONE
82,Star-50,46,True,6.598,1,NONE
83,Star-50,24,True,7.066,1,NONE
84,Star-50,4,True,6.742,1,NONE
85,Star-50,44,True,7.216,1,NONE
86,Star-50,39,True,6.475,1,NONE
87,Star-50,23,True,6.785,1,NONE
88,Star-50,46,True,7.101,1,NONE
89,Star-50,9,True,7.514,1,NONE
90,Star-50,34,True,6.689,1,NONE
91,Star-50,20,True,6.7,1,NONE
92,Star-50,15,True,6.943,1,NONE
93,Star-50,33,True,6.873,1,NONE
94,Star-50,22,True,6.772,1,NONE
95,Star-50,12,True,6.937,1,NONE
96,Star-50,29,True,7.334,1,NONE
97,Star-50,40,True,7.283,1,NONE
98,Star-50,20,True,6.978,1,NONE
99,Star-50,44,True,7.266,1,NONE
100,Star-50,25,True,6.618,1,NONE
101,Star-50,39,True,7.124,1,NONE
102,Star-50,36,True,6.836,1,NONE
103,Star-50,6,True,6.42,1,NONE
104,Star-50,28,True,7.795,1,NONE
105,Star-50,2,True,6.783,1,NONE
106,Star-50,6,True,6.867,1,NONE
107,Star-50,42,True,7.063,1,NONE
108,Star-50,31,True,6.587,1,NONE
109,Star-50,1,True,6.169,1,NONE
110,Star-50,47,True,6.661,1,NONE
111,Star-50,8,True,6.877,1,NONE
112,Star-50,8,True,7.132,1,NONE
113,Star-50,37,True,6.758,1,NONE
114,Star-50,16,True,6.711,1,NONE
115,Star-50,24,True,7.514,1,NONE
116,Star-50,36,True,7.26,1,NONE
117,Star-50,24,True,6.361,1,NONE
118,Star-50,47,True,6.86,1,NONE
119,Star-50,9,True,6.721,1,NONE
120,Star-50,44,True,7.507,1,NONE
121,Star-50,5,True,7.145,1,NONE
122,Star-50,13,True,6.714,1,NONE
123,Star-50,35,True,6.323,1,NONE
124,Star-50,4,True,6.7,1,NONE
125,Star-50,26,True,7.868,1,NONE
126,Star-50,32,True,6.634,1,NONE
127,Star-50,6,True,6.901,1,NONE
128,Star-50,35,True,6.398,1,NONE
129,Star-50,29,True,6.778,1,NONE
130,Star-50,3,True,7.347,1,NONE
131,Star-50,41,True,7.585,1,NONE
132,Star-50,24,True,6.781,1,NONE
133,Star-50,39,True,6.674,1,NONE
134,Star-50,42,True,6.988,1,NONE
135,Star-50,44,True,6.448,1,NONE
136,Star-50,9,True,6.648,1,NONE
137,Star-50,8,True,7.1,1,NONE
138,Star-50,8,True,7.257,1,NONE
139,Star-50,19,True,7.134,1,NONE
140,Star-50,5,True,6.986,1,NONE
141,Star-50,44,True,7.696,1,NONE
142,Star-50,36,True,7.603,1,NONE
143,Star-50,45,True,6.915,1,NONE
144,Star-50,13,True,6.598,1,NONE
145,Star-50,37,True,7.416,1,NONE
146,Star-50,6,True,6.877,1,NONE
147,Star-50,27,True,7.796,1,NONE
148,Star-50,42,True,6.594,1,NONE
149,Star-50,36,True,6.615,1,NONE
150,Star-50,4,True,6.68,1,NONE
151,Star-50,46,True,7.232,1,NONE
152,Star-50,6,True,6.76,1,NONE
153,Star-50,20,True,6.685,1,NONE
154,Star-50,38,True,7.264,1,NONE
155,Star-50,37,True,7.812,1,NONE
156,Star-50,37,True,6.829,1,NONE
157,Star-50,2,True,7.584,1,NONE
158,Star-50,31,True,7.261,1,NONE
159,Star-50,45,True,6.644,1,NONE
160,Star-50,39,True,7.85,1,NONE
161,Star-50,23,True,6.692,1,NONE
162,Star-50,21,True,6.263,1,NONE
163,Star-50,4,True,6.632,1,NONE
164,Star-50,11,True,7.124,1,NONE
165,Star-50,11,True,6.823,1,NONE
166,Star-50,2,True,6.634,1,NONE
167,Star-50,38,True,6.933,1,NONE
168,Star-50,42,False,3.286,1,CHANNEL_DROP
169,Star-50,7,True,7.646,1,NONE
170,Star-50,24,True,6.414,1,NONE
171,Star-50,19,True,6.784,1,NONE
172,Star-50,40,True,6.513,1,NONE
173,Star-50,22,True,6.968,1,NONE
174,Star-50,26,True,6.378,1,NONE
175,Star-50,31,True,6.289,1,NONE
176,Star-50,40,True,7.236,1,NONE
177,Star-50,38,True,7.537,1,NONE
178,Star-50,20,True,6.126,1,NONE
179,Star-50,27,True,7.485,1,NONE
180,Star-50,2,True,7.238,1,NONE
181,Star-50,38,True,6.892,1,NONE
182,Star-50,41,True,7.596,1,NONE
183,Star-50,16,True,6.967,1,NONE
184,Star-50,21,True,6.915,1,NONE
185,Star-50,40,True,6.935,1,NONE
186,Star-50,9,True,7.039,1,NONE
187,Star-50,25,True,6.516,1,NONE
188,Star-50,23,True,7.671,1,NONE
189,Star-50,17,True,6.75,1,NONE
190,Star-50,15,True,7.687,1,NONE
191,Star-50,45,True,7.251,1,NONE
192,Star-50,47,True,6.502,1,NONE
193,Star-50,26,True,7.245,1,NONE
194,Star-50,19,True,6.735,1,NONE
195,Star-50,48,True,7.135,1,NONE
196,Star-50,45,True,6.349,1,NONE
197,Star-50,4,True,6.584,1,NONE
198,Star-50,27,True,6.61,1,NONE
199,Star-50,36,True,7.039,1,NONE
200,Star-50,31,True,6.521,1,NONE
201,Star-50,42,True,7.001,1,NONE
202,Star-50,48,True,7.112,1,NONE
203,Star-50,12,True,6.824,1,NONE
204,Star-50,12,True,7.839,1,NONE
205,Star-50,1,True,6.938,1,NONE
206,Star-50,30,True,7.482,1,NONE
207,Star-50,33,True,6.355,1,NONE
208,Star-50,30,False,3.719,1,CHANNEL_DROP
209,Star-50,22,True,6.743,1,NONE
210,Star-50,41,True,6.914,1,NONE
211,Star-50,43,True,7.918,1,NONE
212,Star-50,1,True,7.19,1,NONE
213,Star-50,20,True,6.932,1,NONE
214,Star-50,16,True,6.524,1,NONE
215,Star-50,33,True,7.578,1,NONE
216,Star-50,41,True,6.514,1,NONE
217,Star-50,9,True,6.829,1,NONE
218,Star-50,45,True,7.135,1,NONE
219,Star-50,14,True,7.468,1,NONE
220,Star-50,34,True,7.268,1,NONE
221,Star-50,4,True,7.44,1,NONE
222,Star-50,11,True,6.726,1,NONE
223,Star-50,38,True,6.955,1,NONE
224,Star-50,9,True,6.919,1,NONE
225,Star-50,20,True,7.142,1,NONE
226,Star-50,38,True,6.965,1,NONE
227,Star-50,4,True,6.101,1,NONE
228,Star-50,27,True,6.865,1,NONE
229,Star-50,27,True,7.808,1,NONE
230,Star-50,25,True,7.222,1,NONE
231,Star-50,42,True,6.512,1,NONE
232,Star-50,9,False,3.223,1,CHANNEL_DROP
233,Star-50,2,True,6.887,1,NONE
234,Star-50,25,True,6.523,1,NONE
235,Star-50,47,True,6.647,1,NONE
236,Star-50,2,True,6.514,1,NONE
237,Star-50,44,True,6.451,1,NONE
238,Star-50,15,True,6.895,1,NONE
239,Star-50,19,True,7.494,1,NONE
240,Star-50,44,True,7.223,1,NONE
241,Star-50,34,True,7.249,1,NONE
242,Star-50,48,True,7.122,1,NONE
243,Star-50,23,True,6.99,1,NONE
244,Star-50,27,True,6.838,1,NONE
245,Star-50,16,True,7.107,1,NONE
246,Star-50,4,True,7.102,1,NONE
247,Star-50,16,True,6.78,1,NONE
248,Star-50,24,True,6.993,1,NONE
249,Star-50,44,True,6.844,1,NONE
250,Star-50,38,True,7.428,1,NONE
251,Star-50,22,True,7.099,1,NONE
252,Star-50,48,True,7.242,1,NONE
253,Star-50,39,True,6.718,1,NONE
254,Star-50,19,True,6.795,1,NONE
255,Star-50,33,True,7.188,1,NONE
256,Star-50,49,True,7.328,1,NONE
257,Star-50,37,False,3.741,1,CHANNEL_DROP
258,Star-50,36,True,6.732,1,NONE
259,Star-50,22,True,7.12,1,NONE
260,Star-50,44,True,7.487,1,NONE
261,Star-50,48,True,6.337,1,NONE
262,Star-50,47,True,7.174,1,NONE
263,Star-50,4,True,7.657,1,NONE
264,Star-50,4,True,6.644,1,NONE
265,Star-50,46,True,6.279,1,NONE
266,Star-50,41,True,7.104,1,NONE
267,Star-50,1,False,3.411,1,CHANNEL_DROP
268,Star-50,47,False,3.977,1,CHANNEL_DROP
269,Star-50,45,True,6.913,1,NONE
270,Star-50,7,True,6.493,1,NONE
271,Star-50,23,True,6.803,1,NONE
272,Star-50,37,True,7.525,1,NONE
273,Star-50,6,True,6.952,1,NONE
274,Star-50,25,True,7.179,1,NONE
275,Star-50,6,True,7.0,1,NONE
276,Star-50,7,True,7.82,1,NONE
277,Star-50,45,True,6.55,1,NONE
278,Star-50,18,True,7.492,1,NONE
279,Star-50,21,False,0.0,1,CHANNEL_DROP
280,Star-50,14,True,7.151,1,NONE
281,Star-50,5,True,7.413,1,NONE
282,Star-50,44,True,6.472,1,NONE
283,Star-50,45,True,6.554,1,NONE
284,Star-50,28,True,6.69,1,NONE
285,Star-50,39,True,7.047,1,NONE
286,Star-50,29,True,6.788,1,NONE
287,Star-50,44,True,6.675,1,NONE
288,Star-50,16,True,6.794,1,NONE
289,Star-50,41,True,6.481,1,NONE
290,Star-50,20,True,6.849,1,NONE
291,Star-50,28,True,6.581,1,NONE
292,Star-50,23,True,7.461,1,NONE
293,Star-50,1,True,7.289,1,NONE
294,Star-50,16,True,6.308,1,NONE
295,Star-50,20,True,6.422,1,NONE
296,Star-50,20,True,6.324,1,NONE
297,Star-50,41,True,6.752,1,NONE
298,Star-50,1,True,7.136,1,NONE
299,Star-50,22,True,7.082,1,NONE
300,Star-50,39,True,6.522,1,NONE
301,Star-50,21,True,7.133,1,NONE
302,Star-50,41,True,6.952,1,NONE
303,Star-50,26,True,7.929,1,NONE
304,Star-50,12,True,7.012,1,NONE
305,Star-50,46,True,6.867,1,NONE
306,Star-50,27,True,6.392,1,NONE
307,Star-50,10,True,7.78,1,NONE
308,Star-50,31,True,7.404,1,NONE
309,Star-50,27,True,7.686,1,NONE
310,Star-50,35,True,7.163,1,NONE
311,Star-50,43,True,7.631,1,NONE
312,Star-50,44,True,7.763,1,NONE
313,Star-50,7,False,0.0,1,CHANNEL_DROP
314,Star-50,17,True,7.435,1,NONE
315,Star-50,15,True,6.98,1,NONE
316,Star-50,33,True,7.293,1,NONE
317,Star-50,6,True,7.253,1,NONE
318,Star-50,30,True,6.619,1,NONE
319,Star-50,47,True,7.129,1,NONE
320,Star-50,8,True,7.143,1,NONE
321,Star-50,48,True,6.734,1,NONE
322,Star-50,30,True,7.046,1,NONE
323,Star-50,28,True,7.187,1,NONE
324,Star-50,28,True,7.457,1,NONE
325,Star-50,5,True,7.165,1,NONE
326,Star-50,13,True,6.79,1,NONE
327,Star-50,41,True,6.503,1,NONE
328,Star-50,23,True,7.323,1,NONE
329,Star-50,20,True,6.903,1,NONE
330,Star-50,16,True,6.694,1,NONE
331,Star-50,27,True,7.061,1,NONE
332,Star-50,35,True,7.2,1,NONE
333,Star-50,32,True,6.807,1,NONE
334,Star-50,23,True,6.869,1,NONE
335,Star-50,36,True,6.911,1,NONE
336,Star-50,29,True,6.844,1,NONE
337,Star-50,19,True,7.006,1,NONE
338,Star-50,37,True,6.879,1,NONE
339,Star-50,8,True,7.085,1,NONE
340,Star-50,49,True,7.709,1,NONE
341,Star-50,7,True,7.528,1,NONE
342,Star-50,3,True,6.788,1,NONE
343,Star-50,8,True,6.825,1,NONE
344,Star-50,23,True,7.226,1,NONE
345,Star-50,14,True,7.338,1,NONE
346,Star-50,39,True,6.613,1,NONE
347,Star-50,18,True,7.33,1,NONE
348,Star-50,9,True,7.778,1,NONE
349,Star-50,42,True,7.577,1,NONE
350,Star-50,16,True,7.254,1,NONE
351,Star-50,18,True,7.17,1,NONE
352,Star-50,6,True,7.627,1,NONE
353,Star-50,30,False,3.327,1,CHANNEL_DROP
354,Star-50,47,True,7.669,1,NONE
355,Star-50,5,True,7.223,1,NONE
356,Star-50,32,True,7.406,1,NONE
357,Star-50,37,True,7.551,1,NONE
358,Star-50,3,True,6.908,1,NONE
359,Star-50,11,True,6.203,1,NONE
360,Star-50,45,True,7.757,1,NONE
361,Star-50,18,True,7.025,1,NONE
362,Star-50,42,True,7.096,1,NONE
363,Star-50,15,True,6.305,1,NONE
364,Star-50,5,True,6.235,1,NONE
365,Star-50,45,True,6.815,1,NONE
366,Star-50,31,True,6.485,1,NONE
367,Star-50,21,True,7.113,1,NONE
368,Star-50,9,True,7.24,1,NONE
369,Star-50,40,True,7.068,1,NONE
370,Star-50,10,True,6.833,1,NONE
371,Star-50,7,True,6.475,1,NONE
372,Star-50,28,True,6.224,1,NONE
373,Star-50,36,True,7.662,1,NONE
374,Star-50,2,True,7.176,1,NONE
375,Star-50,33,True,7.176,1,NONE
376,Star-50,16,True,6.707,1,NONE
377,Star-50,34,True,6.329,1,NONE
378,Star-50,25,True,7.251,1,NONE
379,Star-50,49,True,7.575,1,NONE
380,Star-50,1,True,6.829,1,NONE
381,Star-50,33,True,7.136,1,NONE
382,Star-50,26,True,6.814,1,NONE
383,Star-50,20,True,7.076,1,NONE
384,Star-50,21,True,7.315,1,NONE
385,Star-50,5,True,6.676,1,NONE
386,Star-50,16,True,7.043,1,NONE
387,Star-50,20,True,6.671,1,NONE
388,Star-50,9,True,6.687,1,NONE
389,Star-50,47,True,7.245,1,NONE
390,Star-50,47,True,7.579,1,NONE
391,Star-50,18,True,6.89,1,NONE
392,Star-50,32,True,6.927,1,NONE
393,Star-50,24,True,7.447,1,NONE
394,Star-50,8,True,7.372,1,NONE
395,Star-50,16,True,6.543,1,NONE
396,Star-50,3,True,7.333,1,NONE
397,Star-50,21,True,7.742,1,NONE
398,Star-50,37,True,6.681,1,NONE
399,Star-50,34,True,7.419,1,NONE
400,Star-50,19,True,6.767,1,NONE
401,Star-50,24,True,7.187,1,NONE
402,Star-50,30,True,7.748,1,NONE
403,Star-50,47,True,6.767,1,NONE
404,Star-50,27,True,7.235,1,NONE
405,Star-50,1,True,6.85,1,NONE
406,Star-50,47,True,6.625,1,NONE
407,Star-50,4,True,6.186,1,NONE
408,Star-50,15,True,6.892,1,NONE
409,Star-50,48,True,6.916,1,NONE
410,Star-50,5,True,6.193,1,NONE
411,Star-50,19,True,7.016,1,NONE
412,Star-50,48,True,7.396,1,NONE
413,Star-50,9,True,6.749,1,NONE
414,Star-50,30,True,6.891,1,NONE
415,Star-50,29,True,6.423,1,NONE
416,Star-50,44,True,6.92,1,NONE
417,Star-50,21,True,7.107,1,NONE
418,Star-50,4,True,6.291,1,NONE
419,Star-50,26,True,6.651,1,NONE
420,Star-50,7,False,3.14,1,CHANNEL_DROP
421,Star-50,15,True,7.454,1,NONE
422,Star-50,42,True,6.661,1,NONE
423,Star-50,5,True,6.738,1,NONE
424,Star-50,22,True,7.866,1,NONE
425,Star-50,28,True,7.078,1,NONE
426,Star-50,12,True,7.354,1,NONE
427,Star-50,10,True,6.914,1,NONE
428,Star-50,27,True,6.862,1,NONE
429,Star-50,27,True,7.515,1,NONE
430,Star-50,35,True,7.349,1,NONE
431,Star-50,35,True,6.666,1,NONE
432,Star-50,18,True,7.215,1,NONE
433,Star-50,18,True,7.758,1,NONE
434,Star-50,15,True,6.367,1,NONE
435,Star-50,48,True,7.843,1,NONE
436,Star-50,25,True,7.015,1,NONE
437,Star-50,38,True,7.33,1,NONE
438,Star-50,46,True,7.511,1,NONE
439,Star-50,13,True,7.353,1,NONE
440,Star-50,12,True,6.309,1,NONE
441,Star-50,34,True,7.138,1,NONE
442,Star-50,22,True,7.242,1,NONE
443,Star-50,2,True,6.816,1,NONE
444,Star-50,34,True,7.902,1,NONE
445,Star-50,26,True,7.312,1,NONE
446,Star-50,47,True,7.441,1,NONE
447,Star-50,12,True,7.176,1,NONE
448,Star-50,23,True,6.896,1,NONE
449,Star-50,45,False,3.178,1,CHANNEL_DROP
450,Star-50,45,True,7.357,1,NONE
451,Star-50,3,True,6.93,1,NONE
452,Star-50,41,True,7.682,1,NONE
453,Star-50,16,True,7.283,1,NONE
454,Star-50,46,True,6.741,1,NONE
455,Star-50,14,True,6.176,1,NONE
456,Star-50,1,True,6.605,1,NONE
457,Star-50,27,True,6.48,1,NONE
458,Star-50,31,True,6.804,1,NONE
459,Star-50,29,True,7.164,1,NONE
460,Star-50,7,True,6.902,1,NONE
461,Star-50,36,True,7.963,1,NONE
462,Star-50,31,True,7.039,1,NONE
463,Star-50,28,True,6.291,1,NONE
464,Star-50,45,True,7.586,1,NONE
465,Star-50,20,True,6.889,1,NONE
466,Star-50,10,True,6.828,1,NONE
467,Star-50,41,True,6.371,1,NONE
468,Star-50,19,True,7.258,1,NONE
469,Star-50,31,True,7.205,1,NONE
470,Star-50,12,True,6.426,1,NONE
471,Star-50,29,True,6.288,1,NONE
472,Star-50,49,True,6.905,1,NONE
473,Star-50,27,True,7.431,1,NONE
474,Star-50,34,True,7.01,1,NONE
475,Star-50,16,True,6.793,1,NONE
476,Star-50,33,True,7.5,1,NONE
477,Star-50,10,True,7.742,1,NONE
478,Star-50,14,True,7.114,1,NONE
479,Star-50,28,True,7.418,1,NONE
480,Star-50,21,True,7.302,1,NONE
481,Star-50,26,True,7.774,1,NONE
482,Star-50,1,True,7.043,1,NONE
483,Star-50,27,True,7.531,1,NONE
484,Star-50,7,True,6.849,1,NONE
485,Star-50,35,True,7.533,1,NONE
486,Star-50,37,True,6.181,1,NONE
487,Star-50,39,True,7.281,1,NONE
488,Star-50,45,True,7.643,1,NONE
489,Star-50,2,True,7.636,1,NONE
490,Star-50,45,True,7.273,1,NONE
491,Star-50,48,True,7.243,1,NONE
492,Star-50,42,True,6.849,1,NONE
493,Star-50,32,True,7.382,1,NONE
494,Star-50,11,True,7.49,1,NONE
495,Star-50,34,True,6.862,1,NONE
496,Star-50,4,True,7.161,1,NONE
497,Star-50,18,True,7.387,1,NONE
498,Star-50,44,True,6.55,1,NONE
499,Star-50,31,True,7.244,1,NONE
500,Star-50,48,True,6.14,1,NONE
1,Mesh-100,74,True,42.237,11,NONE
2,Mesh-100,39,True,46.711,12,NONE
3,Mesh-100,85,True,49.976,13,NONE
4,Mesh-100,88,True,60.656,16,NONE
5,Mesh-100,41,True,21.312,5,NONE
6,Mesh-100,62,False,6.411,8,CHANNEL_DROP
7,Mesh-100,42,False,3.531,6,CHANNEL_DROP
8,Mesh-100,1,True,6.593,1,NONE
9,Mesh-100,17,True,31.072,8,NONE
10,Mesh-100,3,True,14.281,3,NONE
11,Mesh-100,5,True,20.387,5,NONE
12,Mesh-100,33,True,23.075,6,NONE
13,Mesh-100,15,True,25.129,6,NONE
14,Mesh-100,2,True,10.666,2,NONE
15,Mesh-100,66,True,46.099,12,NONE
16,Mesh-100,44,True,30.772,8,NONE
17,Mesh-100,24,True,24.815,6,NONE
18,Mesh-100,87,False,32.525,15,CHANNEL_DROP
19,Mesh-100,21,True,13.233,3,NONE
20,Mesh-100,65,True,41.787,11,NONE
21,Mesh-100,47,True,40.988,11,NONE
22,Mesh-100,26,True,32.452,8,NONE
23,Mesh-100,7,True,28.641,7,NONE
24,Mesh-100,89,True,63.842,17,NONE
25,Mesh-100,2,True,10.446,2,NONE
26,Mesh-100,21,True,13.308,3,NONE
27,Mesh-100,58,True,51.171,13,NONE
28,Mesh-100,78,False,24.134,15,CHANNEL_DROP
29,Mesh-100,60,True,24.648,6,NONE
30,Mesh-100,24,True,24.815,6,NONE
31,Mesh-100,97,False,49.683,16,CHANNEL_DROP
32,Mesh-100,9,True,33.217,9,NONE
33,Mesh-100,30,True,13.207,3,NONE
34,Mesh-100,93,True,46.614,12,NONE
35,Mesh-100,48,True,44.856,12,NONE
36,Mesh-100,83,True,39.869,11,NONE
37,Mesh-100,95,True,52.167,14,NONE
38,Mesh-100,84,True,45.839,12,NONE
39,Mesh-100,9,True,35.455,9,NONE
40,Mesh-100,10,True,6.893,1,NONE
41,Mesh-100,46,False,7.232,10,CHANNEL_DROP
42,Mesh-100,18,True,33.975,9,NONE
43,Mesh-100,18,True,33.405,9,NONE
44,Mesh-100,75,True,43.725,12,NONE
45,Mesh-100,1,True,7.297,1,NONE
46,Mesh-100,48,True,45.603,12,NONE
47,Mesh-100,41,True,20.789,5,NONE
48,Mesh-100,72,True,34.63,9,NONE
49,Mesh-100,21,True,14.322,3,NONE
50,Mesh-100,48,True,45.207,12,NONE
51,Mesh-100,52,True,28.68,7,NONE
52,Mesh-100,74,False,0.0,11,CHANNEL_DROP
53,Mesh-100,23,True,21.621,5,NONE
54,Mesh-100,73,True,38.891,10,NONE
55,Mesh-100,44,True,31.084,8,NONE
56,Mesh-100,14,False,6.571,5,CHANNEL_DROP
57,Mesh-100,70,True,28.033,7,NONE
58,Mesh-100,70,False,13.559,7,CHANNEL_DROP
59,Mesh-100,87,True,53.972,15,NONE
60,Mesh-100,81,False,31.875,9,CHANNEL_DROP
61,Mesh-100,16,True,28.607,7,NONE
62,Mesh-100,22,True,18.445,4,NONE
63,Mesh-100,91,True,38.358,10,NONE
64,Mesh-100,51,True,24.78,6,NONE
65,Mesh-100,46,True,39.071,10,NONE
66,Mesh-100,34,True,28.41,7,NONE
67,Mesh-100,25,True,27.954,7,NONE
68,Mesh-100,35,True,30.988,8,NONE
69,Mesh-100,20,False,0.0,2,CHANNEL_DROP
70,Mesh-100,28,True,37.895,10,NONE
71,Mesh-100,95,False,37.247,14,CHANNEL_DROP
72,Mesh-100,36,True,34.436,9,NONE
73,Mesh-100,63,True,34.594,9,NONE
74,Mesh-100,77,True,50.112,14,NONE
75,Mesh-100,5,True,20.853,5,NONE
76,Mesh-100,27,True,35.622,9,NONE
77,Mesh-100,50,True,21.029,5,NONE
78,Mesh-100,14,True,21.232,5,NONE
79,Mesh-100,98,False,23.924,17,CHANNEL_DROP
80,Mesh-100,18,True,34.284,9,NONE
81,Mesh-100,12,True,14.028,3,NONE
82,Mesh-100,90,True,34.521,9,NONE
83,Mesh-100,40,True,17.55,4,NONE
84,Mesh-100,74,True,39.557,11,NONE
85,Mesh-100,74,True,41.91,11,NONE
86,Mesh-100,37,False,0.0,10,CHANNEL_DROP
87,Mesh-100,89,True,62.224,17,NONE
88,Mesh-100,63,True,34.412,9,NONE
89,Mesh-100,50,True,21.173,5,NONE
90,Mesh-100,81,True,35.528,9,NONE
91,Mesh-100,73,True,40.045,10,NONE
92,Mesh-100,35,True,30.379,8,NONE
93,Mesh-100,35,True,31.612,8,NONE
94,Mesh-100,96,True,57.742,15,NONE
95,Mesh-100,90,True,35.484,9,NONE
96,Mesh-100,66,True,43.637,12,NONE
97,Mesh-100,64,True,39.435,10,NONE
98,Mesh-100,23,True,20.654,5,NONE
99,Mesh-100,49,True,48.768,13,NONE
100,Mesh-100,94,False,11.081,13,CHANNEL_DROP
101,Mesh-100,4,True,16.981,4,NONE
102,Mesh-100,82,False,9.913,10,CHANNEL_DROP
103,Mesh-100,88,False,42.43,16,CHANNEL_DROP
104,Mesh-100,74,True,42.416,11,NONE
105,Mesh-100,39,True,43.896,12,NONE
106,Mesh-100,77,True,51.837,14,NONE
107,Mesh-100,70,True,27.356,7,NONE
108,Mesh-100,86,True,53.491,14,NONE
109,Mesh-100,74,True,42.127,11,NONE
110,Mesh-100,92,False,35.716,11,CHANNEL_DROP
111,Mesh-100,19,True,39.952,10,NONE
112,Mesh-100,7,False,0.0,7,CHANNEL_DROP
113,Mesh-100,72,True,35.226,9,NONE
114,Mesh-100,18,False,0.0,9,CHANNEL_DROP
115,Mesh-100,83,False,0.0,11,CHANNEL_DROP
116,Mesh-100,93,True,45.546,12,NONE
117,Mesh-100,62,True,32.94,8,NONE
118,Mesh-100,75,True,45.905,12,NONE
119,Mesh-100,65,True,42.907,11,NONE
120,Mesh-100,53,True,31.751,8,NONE
121,Mesh-100,61,True,27.066,7,NONE
122,Mesh-100,35,True,30.133,8,NONE
123,Mesh-100,58,True,49.608,13,NONE
124,Mesh-100,86,True,51.687,14,NONE
125,Mesh-100,5,True,21.807,5,NONE
126,Mesh-100,70,True,28.43,7,NONE
127,Mesh-100,98,True,62.077,17,NONE
128,Mesh-100,75,False,6.561,12,CHANNEL_DROP
129,Mesh-100,80,True,31.75,8,NONE
130,Mesh-100,95,False,38.778,14,CHANNEL_DROP
131,Mesh-100,63,True,33.924,9,NONE
132,Mesh-100,39,True,44.766,12,NONE
133,Mesh-100,98,True,59.294,17,NONE
134,Mesh-100,36,True,35.727,9,NONE
135,Mesh-100,94,True,51.165,13,NONE
136,Mesh-100,3,True,13.959,3,NONE
137,Mesh-100,91,True,39.251,10,NONE
138,Mesh-100,7,True,28.992,7,NONE
139,Mesh-100,27,True,36.355,9,NONE
140,Mesh-100,9,True,34.667,9,NONE
141,Mesh-100,3,True,13.283,3,NONE
142,Mesh-100,83,True,42.898,11,NONE
143,Mesh-100,20,True,10.061,2,NONE
144,Mesh-100,27,False,23.09,9,CHANNEL_DROP
145,Mesh-100,95,True,52.718,14,NONE
146,Mesh-100,58,True,48.497,13,NONE
147,Mesh-100,76,True,48.213,13,NONE
148,Mesh-100,39,True,46.756,12,NONE
149,Mesh-100,41,True,20.264,5,NONE
150,Mesh-100,81,True,33.863,9,NONE
151,Mesh-100,20,True,11.343,2,NONE
152,Mesh-100,69,False,47.389,15,CHANNEL_DROP
153,Mesh-100,62,True,30.079,8,NONE
154,Mesh-100,96,False,17.986,15,CHANNEL_DROP
155,Mesh-100,28,False,7.718,10,CHANNEL_DROP
156,Mesh-100,93,True,43.872,12,NONE
157,Mesh-100,40,True,18.51,4,NONE
158,Mesh-100,48,True,46.304,12,NONE
159,Mesh-100,83,True,42.73,11,NONE
160,Mesh-100,67,True,49.615,13,NONE
161,Mesh-100,85,True,48.272,13,NONE
162,Mesh-100,11,False,6.403,2,CHANNEL_DROP
163,Mesh-100,42,True,23.574,6,NONE
164,Mesh-100,27,True,35.062,9,NONE
165,Mesh-100,13,True,17.275,4,NONE
166,Mesh-100,85,True,48.852,13,NONE
167,Mesh-100,56,True,40.521,11,NONE
168,Mesh-100,71,False,7.338,8,CHANNEL_DROP
169,Mesh-100,11,True,10.925,2,NONE
170,Mesh-100,12,True,14.24,3,NONE
171,Mesh-100,75,True,46.088,12,NONE
172,Mesh-100,19,True,38.497,10,NONE
173,Mesh-100,51,True,24.548,6,NONE
174,Mesh-100,11,True,11.071,2,NONE
175,Mesh-100,13,True,17.369,4,NONE
176,Mesh-100,83,True,41.218,11,NONE
177,Mesh-100,48,True,47.407,12,NONE
178,Mesh-100,16,True,27.346,7,NONE
179,Mesh-100,34,True,27.926,7,NONE
180,Mesh-100,7,True,28.434,7,NONE
181,Mesh-100,75,True,44.868,12,NONE
182,Mesh-100,72,True,34.376,9,NONE
183,Mesh-100,12,True,13.81,3,NONE
184,Mesh-100,1,True,6.648,1,NONE
185,Mesh-100,99,True,65.776,18,NONE
186,Mesh-100,3,True,13.593,3,NONE
187,Mesh-100,56,True,42.063,11,NONE
188,Mesh-100,68,True,50.237,14,NONE
189,Mesh-100,91,True,38.125,10,NONE
190,Mesh-100,78,False,51.982,15,CHANNEL_DROP
191,Mesh-100,58,True,49.023,13,NONE
192,Mesh-100,61,True,28.216,7,NONE
193,Mesh-100,38,True,42.059,11,NONE
194,Mesh-100,87,True,55.371,15,NONE
195,Mesh-100,81,True,34.674,9,NONE
196,Mesh-100,35,True,31.108,8,NONE
197,Mesh-100,67,False,39.173,13,CHANNEL_DROP
198,Mesh-100,36,True,36.172,9,NONE
199,Mesh-100,70,True,27.022,7,NONE
200,Mesh-100,81,False,10.638,9,CHANNEL_DROP
201,Mesh-100,44,True,32.138,8,NONE
202,Mesh-100,47,True,42.011,11,NONE
203,Mesh-100,59,True,52.824,14,NONE
204,Mesh-100,45,True,34.703,9,NONE
205,Mesh-100,51,True,23.104,6,NONE
206,Mesh-100,80,False,10.782,8,CHANNEL_DROP
207,Mesh-100,85,False,3.18,13,CHANNEL_DROP
208,Mesh-100,27,True,33.096,9,NONE
209,Mesh-100,12,True,13.491,3,NONE
210,Mesh-100,13,True,17.154,4,NONE
211,Mesh-100,97,True,58.826,16,NONE
212,Mesh-100,8,True,30.681,8,NONE
213,Mesh-100,56,False,31.676,11,CHANNEL_DROP
214,Mesh-100,2,True,10.655,2,NONE
215,Mesh-100,84,False,27.371,12,CHANNEL_DROP
216,Mesh-100,96,False,0.0,15,CHANNEL_DROP
217,Mesh-100,36,True,35.148,9,NONE
218,Mesh-100,25,True,27.9,7,NONE
219,Mesh-100,69,True,56.492,15,NONE
220,Mesh-100,9,True,34.987,9,NONE
221,Mesh-100,11,True,11.589,2,NONE
222,Mesh-100,8,False,24.029,8,CHANNEL_DROP
223,Mesh-100,50,False,16.83,5,CHANNEL_DROP
224,Mesh-100,92,True,41.221,11,NONE
225,Mesh-100,76,True,49.264,13,NONE
226,Mesh-100,60,True,23.799,6,NONE
227,Mesh-100,25,True,28.571,7,NONE
228,Mesh-100,18,True,36.039,9,NONE
229,Mesh-100,77,True,53.345,14,NONE
230,Mesh-100,61,True,27.453,7,NONE
231,Mesh-100,11,True,9.896,2,NONE
232,Mesh-100,58,True,47.956,13,NONE
233,Mesh-100,97,False,18.363,16,CHANNEL_DROP
234,Mesh-100,84,False,43.015,12,CHANNEL_DROP
235,Mesh-100,85,True,48.262,13,NONE
236,Mesh-100,14,True,20.112,5,NONE
237,Mesh-100,48,False,37.881,12,CHANNEL_DROP
238,Mesh-100,19,True,38.809,10,NONE
239,Mesh-100,50,True,20.08,5,NONE
240,Mesh-100,93,True,44.253,12,NONE
241,Mesh-100,60,False,14.489,6,CHANNEL_DROP
242,Mesh-100,13,True,16.459,4,NONE
243,Mesh-100,87,True,55.509,15,NONE
244,Mesh-100,81,True,34.31,9,NONE
245,Mesh-100,14,True,21.144,5,NONE
246,Mesh-100,23,True,21.884,5,NONE
247,Mesh-100,2,True,10.682,2,NONE
248,Mesh-100,80,True,31.676,8,NONE
249,Mesh-100,97,False,24.788,16,CHANNEL_DROP
250,Mesh-100,63,True,34.037,9,NONE
251,Mesh-100,35,True,31.43,8,NONE
252,Mesh-100,71,True,31.243,8,NONE
253,Mesh-100,48,True,45.171,12,NONE
254,Mesh-100,86,False,14.386,14,CHANNEL_DROP
255,Mesh-100,99,True,67.077,18,NONE
256,Mesh-100,18,True,33.18,9,NONE
257,Mesh-100,75,True,45.847,12,NONE
258,Mesh-100,46,False,3.806,10,CHANNEL_DROP
259,Mesh-100,90,False,25.125,9,CHANNEL_DROP
260,Mesh-100,82,False,3.813,10,CHANNEL_DROP
261,Mesh-100,47,True,44.228,11,NONE
262,Mesh-100,12,True,14.657,3,NONE
263,Mesh-100,31,True,18.176,4,NONE
264,Mesh-100,36,True,35.996,9,NONE
265,Mesh-100,72,True,33.774,9,NONE
266,Mesh-100,99,True,66.687,18,NONE
267,Mesh-100,23,True,20.959,5,NONE
268,Mesh-100,10,True,6.478,1,NONE
269,Mesh-100,71,False,27.401,8,CHANNEL_DROP
270,Mesh-100,93,True,45.454,12,NONE
271,Mesh-100,86,True,51.972,14,NONE
272,Mesh-100,72,False,24.058,9,CHANNEL_DROP
273,Mesh-100,58,False,23.923,13,CHANNEL_DROP
274,Mesh-100,39,True,45.76,12,NONE
275,Mesh-100,34,True,28.57,7,NONE
276,Mesh-100,78,True,57.554,15,NONE
277,Mesh-100,35,True,31.772,8,NONE
278,Mesh-100,95,True,52.481,14,NONE
279,Mesh-100,2,True,10.67,2,NONE
280,Mesh-100,87,True,58.053,15,NONE
281,Mesh-100,70,True,28.965,7,NONE
282,Mesh-100,8,False,6.969,8,CHANNEL_DROP
283,Mesh-100,93,True,43.207,12,NONE
284,Mesh-100,25,True,27.613,7,NONE
285,Mesh-100,52,True,28.432,7,NONE
286,Mesh-100,38,True,40.857,11,NONE
287,Mesh-100,25,True,26.989,7,NONE
288,Mesh-100,45,False,6.429,9,CHANNEL_DROP
289,Mesh-100,85,False,16.766,13,CHANNEL_DROP
290,Mesh-100,71,True,31.846,8,NONE
291,Mesh-100,25,True,28.778,7,NONE
292,Mesh-100,45,True,35.538,9,NONE
293,Mesh-100,10,True,7.53,1,NONE
294,Mesh-100,52,False,3.207,7,CHANNEL_DROP
295,Mesh-100,74,True,42.266,11,NONE
296,Mesh-100,1,True,6.957,1,NONE
297,Mesh-100,91,False,21.145,10,CHANNEL_DROP
298,Mesh-100,85,True,48.04,13,NONE
299,Mesh-100,83,False,24.862,11,CHANNEL_DROP
300,Mesh-100,13,True,16.539,4,NONE
301,Mesh-100,2,True,10.404,2,NONE
302,Mesh-100,11,True,10.257,2,NONE
303,Mesh-100,20,True,10.132,2,NONE
304,Mesh-100,70,True,26.428,7,NONE
305,Mesh-100,15,True,23.389,6,NONE
306,Mesh-100,86,True,52.996,14,NONE
307,Mesh-100,53,True,31.548,8,NONE
308,Mesh-100,47,False,0.0,11,CHANNEL_DROP
309,Mesh-100,3,True,13.724,3,NONE
310,Mesh-100,18,True,35.364,9,NONE
311,Mesh-100,4,True,16.567,4,NONE
312,Mesh-100,39,False,7.367,12,CHANNEL_DROP
313,Mesh-100,15,True,25.506,6,NONE
314,Mesh-100,55,True,38.243,10,NONE
315,Mesh-100,14,True,20.717,5,NONE
316,Mesh-100,5,True,20.646,5,NONE
317,Mesh-100,65,True,42.931,11,NONE
318,Mesh-100,99,False,39.411,18,CHANNEL_DROP
319,Mesh-100,99,True,67.623,18,NONE
320,Mesh-100,83,True,41.843,11,NONE
321,Mesh-100,44,True,30.813,8,NONE
322,Mesh-100,3,True,13.687,3,NONE
323,Mesh-100,92,True,43.887,11,NONE
324,Mesh-100,75,True,44.725,12,NONE
325,Mesh-100,22,True,17.033,4,NONE
326,Mesh-100,16,True,28.107,7,NONE
327,Mesh-100,89,True,65.319,17,NONE
328,Mesh-100,35,False,13.716,8,CHANNEL_DROP
329,Mesh-100,20,True,10.752,2,NONE
330,Mesh-100,74,True,41.737,11,NONE
331,Mesh-100,42,True,23.815,6,NONE
332,Mesh-100,46,True,36.704,10,NONE
333,Mesh-100,47,True,42.197,11,NONE
334,Mesh-100,67,True,48.792,13,NONE
335,Mesh-100,36,True,34.69,9,NONE
336,Mesh-100,66,False,27.293,12,CHANNEL_DROP
337,Mesh-100,89,False,0.0,17,CHANNEL_DROP
338,Mesh-100,43,True,28.081,7,NONE
339,Mesh-100,56,True,43.022,11,NONE
340,Mesh-100,9,True,35.695,9,NONE
341,Mesh-100,18,True,36.05,9,NONE
342,Mesh-100,35,True,31.443,8,NONE
343,Mesh-100,12,True,13.72,3,NONE
344,Mesh-100,10,True,7.165,1,NONE
345,Mesh-100,60,True,23.862,6,NONE
346,Mesh-100,47,False,23.559,11,CHANNEL_DROP
347,Mesh-100,59,True,51.566,14,NONE
348,Mesh-100,9,True,35.247,9,NONE
349,Mesh-100,89,False,9.644,17,CHANNEL_DROP
350,Mesh-100,61,False,10.662,7,CHANNEL_DROP
351,Mesh-100,46,True,38.559,10,NONE
352,Mesh-100,46,True,39.009,10,NONE
353,Mesh-100,49,True,49.724,13,NONE
354,Mesh-100,20,True,9.517,2,NONE
355,Mesh-100,38,False,0.0,11,CHANNEL_DROP
356,Mesh-100,6,False,7.314,6,CHANNEL_DROP
357,Mesh-100,46,True,38.823,10,NONE
358,Mesh-100,13,True,17.359,4,NONE
359,Mesh-100,54,True,34.851,9,NONE
360,Mesh-100,99,True,66.021,18,NONE
361,Mesh-100,39,True,44.475,12,NONE
362,Mesh-100,19,True,37.612,10,NONE
363,Mesh-100,39,True,44.666,12,NONE
364,Mesh-100,51,True,24.922,6,NONE
365,Mesh-100,52,True,27.917,7,NONE
366,Mesh-100,54,True,34.05,9,NONE
367,Mesh-100,56,True,42.849,11,NONE
368,Mesh-100,18,True,33.456,9,NONE
369,Mesh-100,69,True,57.165,15,NONE
370,Mesh-100,79,False,35.705,16,CHANNEL_DROP
371,Mesh-100,62,True,31.382,8,NONE
372,Mesh-100,69,False,3.991,15,CHANNEL_DROP
373,Mesh-100,93,True,44.54,12,NONE
374,Mesh-100,35,True,31.209,8,NONE
375,Mesh-100,57,True,45.038,12,NONE
376,Mesh-100,34,True,28.156,7,NONE
377,Mesh-100,60,True,24.011,6,NONE
378,Mesh-100,38,True,42.156,11,NONE
379,Mesh-100,41,True,21.207,5,NONE
380,Mesh-100,24,True,23.855,6,NONE
381,Mesh-100,45,True,34.518,9,NONE
382,Mesh-100,48,True,45.554,12,NONE
383,Mesh-100,68,True,52.705,14,NONE
384,Mesh-100,53,True,31.361,8,NONE
385,Mesh-100,61,True,29.331,7,NONE
386,Mesh-100,44,True,30.921,8,NONE
387,Mesh-100,1,True,6.749,1,NONE
388,Mesh-100,57,True,45.927,12,NONE
389,Mesh-100,63,True,35.659,9,NONE
390,Mesh-100,27,True,35.008,9,NONE
391,Mesh-100,10,True,7.138,1,NONE
392,Mesh-100,66,True,44.084,12,NONE
393,Mesh-100,67,False,3.749,13,CHANNEL_DROP
394,Mesh-100,9,True,35.165,9,NONE
395,Mesh-100,29,True,41.857,11,NONE
396,Mesh-100,99,True,67.798,18,NONE
397,Mesh-100,48,True,44.131,12,NONE
398,Mesh-100,54,True,36.637,9,NONE
399,Mesh-100,53,True,30.608,8,NONE
400,Mesh-100,43,True,28.365,7,NONE
401,Mesh-100,95,True,52.175,14,NONE
402,Mesh-100,68,False,49.333,14,CHANNEL_DROP
403,Mesh-100,54,True,33.434,9,NONE
404,Mesh-100,94,True,49.019,13,NONE
405,Mesh-100,19,False,3.475,10,CHANNEL_DROP
406,Mesh-100,10,True,6.492,1,NONE
407,Mesh-100,86,True,52.004,14,NONE
408,Mesh-100,79,False,11.128,16,CHANNEL_DROP
409,Mesh-100,57,True,44.51,12,NONE
410,Mesh-100,14,True,19.591,5,NONE
411,Mesh-100,13,True,17.334,4,NONE
412,Mesh-100,76,False,3.366,13,CHANNEL_DROP
413,Mesh-100,86,True,51.708,14,NONE
414,Mesh-100,2,True,10.936,2,NONE
415,Mesh-100,83,True,42.494,11,NONE
416,Mesh-100,75,True,45.098,12,NONE
417,Mesh-100,90,True,34.464,9,NONE
418,Mesh-100,77,True,54.774,14,NONE
419,Mesh-100,1,True,6.508,1,NONE
420,Mesh-100,24,True,24.609,6,NONE
421,Mesh-100,60,True,24.536,6,NONE
422,Mesh-100,95,True,49.112,14,NONE
423,Mesh-100,94,True,49.948,13,NONE
424,Mesh-100,20,False,0.0,2,CHANNEL_DROP
425,Mesh-100,91,True,37.138,10,NONE
426,Mesh-100,77,True,53.479,14,NONE
427,Mesh-100,52,True,27.95,7,NONE
428,Mesh-100,61,False,17.809,7,CHANNEL_DROP
429,Mesh-100,27,False,0.0,9,CHANNEL_DROP
430,Mesh-100,54,True,34.931,9,NONE
431,Mesh-100,57,True,45.951,12,NONE
432,Mesh-100,37,True,39.179,10,NONE
433,Mesh-100,14,True,20.703,5,NONE
434,Mesh-100,23,True,20.477,5,NONE
435,Mesh-100,29,True,43.009,11,NONE
436,Mesh-100,42,True,24.705,6,NONE
437,Mesh-100,21,True,14.347,3,NONE
438,Mesh-100,50,True,21.218,5,NONE
439,Mesh-100,51,True,25.69,6,NONE
440,Mesh-100,47,True,40.529,11,NONE
441,Mesh-100,38,False,28.363,11,CHANNEL_DROP
442,Mesh-100,47,True,40.361,11,NONE
443,Mesh-100,16,True,27.951,7,NONE
444,Mesh-100,71,True,31.632,8,NONE
445,Mesh-100,96,True,55.915,15,NONE
446,Mesh-100,97,False,26.285,16,CHANNEL_DROP
447,Mesh-100,66,True,45.559,12,NONE
448,Mesh-100,21,True,14.101,3,NONE
449,Mesh-100,39,False,14.206,12,CHANNEL_DROP
450,Mesh-100,52,True,26.426,7,NONE
451,Mesh-100,28,True,38.701,10,NONE
452,Mesh-100,37,True,36.563,10,NONE
453,Mesh-100,41,True,21.367,5,NONE
454,Mesh-100,3,True,15.27,3,NONE
455,Mesh-100,48,False,0.0,12,CHANNEL_DROP
456,Mesh-100,56,True,41.359,11,NONE
457,Mesh-100,95,True,52.274,14,NONE
458,Mesh-100,13,True,17.86,4,NONE
459,Mesh-100,39,True,46.474,12,NONE
460,Mesh-100,63,False,17.287,9,CHANNEL_DROP
461,Mesh-100,49,True,49.152,13,NONE
462,Mesh-100,85,True,48.618,13,NONE
463,Mesh-100,22,True,16.74,4,NONE
464,Mesh-100,18,False,3.809,9,CHANNEL_DROP
465,Mesh-100,61,True,28.746,7,NONE
466,Mesh-100,13,True,17.563,4,NONE
467,Mesh-100,67,True,48.75,13,NONE
468,Mesh-100,70,True,29.011,7,NONE
469,Mesh-100,55,True,39.01,10,NONE
470,Mesh-100,94,True,49.346,13,NONE
471,Mesh-100,61,True,28.614,7,NONE
472,Mesh-100,32,True,21.038,5,NONE
473,Mesh-100,87,False,7.204,15,CHANNEL_DROP
474,Mesh-100,16,True,27.926,7,NONE
475,Mesh-100,33,True,25.828,6,NONE
476,Mesh-100,86,False,24.925,14,CHANNEL_DROP
477,Mesh-100,92,True,42.312,11,NONE
478,Mesh-100,54,True,34.268,9,NONE
479,Mesh-100,59,True,52.007,14,NONE
480,Mesh-100,41,True,19.94,5,NONE
481,Mesh-100,25,True,28.467,7,NONE
482,Mesh-100,51,True,25.354,6,NONE
483,Mesh-100,4,True,16.76,4,NONE
484,Mesh-100,79,True,61.208,16,NONE
485,Mesh-100,30,True,13.79,3,NONE
486,Mesh-100,80,True,32.762,8,NONE
487,Mesh-100,56,True,41.911,11,NONE
488,Mesh-100,94,True,48.108,13,NONE
489,Mesh-100,58,False,16.887,13,CHANNEL_DROP
490,Mesh-100,50,True,21.504,5,NONE
491,Mesh-100,20,True,10.458,2,NONE
492,Mesh-100,20,True,11.174,2,NONE
493,Mesh-100,16,True,28.608,7,NONE
494,Mesh-100,15,True,24.32,6,NONE
495,Mesh-100,76,True,48.24,13,NONE
496,Mesh-100,12,True,13.917,3,NONE
497,Mesh-100,39,True,45.371,12,NONE
498,Mesh-100,85,True,49.822,13,NONE
499,Mesh-100,81,True,32.832,9,NONE
500,Mesh-100,98,True,64.735,17,NONE
1,Tree-80,38,True,20.265,5,NONE
2,Tree-80,41,True,20.244,5,NONE
3,Tree-80,73,True,23.549,6,NONE
4,Tree-80,31,True,21.375,5,NONE
5,Tree-80,50,True,20.825,5,NONE
6,Tree-80,46,True,20.536,5,NONE
7,Tree-80,25,True,18.294,4,NONE
8,Tree-80,51,True,20.17,5,NONE
9,Tree-80,67,True,24.761,6,NONE
10,Tree-80,32,True,20.731,5,NONE
11,Tree-80,7,True,13.471,3,NONE
12,Tree-80,41,True,21.568,5,NONE
13,Tree-80,21,True,17.202,4,NONE
14,Tree-80,6,False,6.551,2,CHANNEL_DROP
15,Tree-80,47,True,22.333,5,NONE
16,Tree-80,39,True,22.111,5,NONE
17,Tree-80,64,False,0.0,6,CHANNEL_DROP
18,Tree-80,76,True,23.163,6,NONE
19,Tree-80,6,True,10.686,2,NONE
20,Tree-80,2,True,6.924,1,NONE
21,Tree-80,49,True,20.401,5,NONE
22,Tree-80,25,True,18.171,4,NONE
23,Tree-80,14,True,13.56,3,NONE
24,Tree-80,44,True,20.812,5,NONE
25,Tree-80,11,True,13.748,3,NONE
26,Tree-80,68,True,24.159,6,NONE
27,Tree-80,70,True,24.494,6,NONE
28,Tree-80,33,True,20.671,5,NONE
29,Tree-80,56,True,20.528,5,NONE
30,Tree-80,34,True,20.895,5,NONE
31,Tree-80,53,True,20.999,5,NONE
32,Tree-80,18,True,17.817,4,NONE
33,Tree-80,28,True,17.304,4,NONE
34,Tree-80,63,True,24.464,6,NONE
35,Tree-80,28,True,16.259,4,NONE
36,Tree-80,48,True,21.037,5,NONE
37,Tree-80,61,True,20.112,5,NONE
38,Tree-80,32,False,3.47,5,CHANNEL_DROP
39,Tree-80,66,True,24.088,6,NONE
40,Tree-80,47,True,20.588,5,NONE
41,Tree-80,69,True,25.648,6,NONE
42,Tree-80,39,True,21.004,5,NONE
43,Tree-80,41,True,21.335,5,NONE
44,Tree-80,41,True,20.111,5,NONE
45,Tree-80,66,True,24.717,6,NONE
46,Tree-80,64,True,24.281,6,NONE
47,Tree-80,4,True,10.118,2,NONE
48,Tree-80,20,True,16.925,4,NONE
49,Tree-80,54,True,19.949,5,NONE
50,Tree-80,69,False,0.0,6,CHANNEL_DROP
51,Tree-80,37,True,21.459,5,NONE
52,Tree-80,66,True,24.101,6,NONE
53,Tree-80,60,True,21.292,5,NONE
54,Tree-80,42,True,20.653,5,NONE
55,Tree-80,4,True,11.169,2,NONE
56,Tree-80,73,True,23.639,6,NONE
57,Tree-80,27,True,17.929,4,NONE
58,Tree-80,75,True,23.442,6,NONE
59,Tree-80,6,True,10.872,2,NONE
60,Tree-80,35,True,20.306,5,NONE
61,Tree-80,30,True,17.751,4,NONE
62,Tree-80,70,True,24.395,6,NONE
63,Tree-80,78,True,24.908,6,NONE
64,Tree-80,21,True,18.187,4,NONE
65,Tree-80,67,True,24.168,6,NONE
66,Tree-80,51,False,17.766,5,CHANNEL_DROP
67,Tree-80,65,True,24.33,6,NONE
68,Tree-80,10,True,13.751,3,NONE
69,Tree-80,48,True,19.873,5,NONE
70,Tree-80,50,True,22.35,5,NONE
71,Tree-80,33,True,20.306,5,NONE
72,Tree-80,58,False,3.411,5,CHANNEL_DROP
73,Tree-80,17,True,17.463,4,NONE
74,Tree-80,7,True,13.746,3,NONE
75,Tree-80,55,True,20.122,5,NONE
76,Tree-80,44,True,21.412,5,NONE
77,Tree-80,64,True,24.904,6,NONE
78,Tree-80,46,True,20.863,5,NONE
79,Tree-80,62,True,20.368,5,NONE
80,Tree-80,15,True,17.033,4,NONE
81,Tree-80,62,True,21.038,5,NONE
82,Tree-80,10,True,13.372,3,NONE
83,Tree-80,56,True,21.58,5,NONE
84,Tree-80,66,True,24.123,6,NONE
85,Tree-80,48,True,22.25,5,NONE
86,Tree-80,76,True,24.583,6,NONE
87,Tree-80,37,True,20.209,5,NONE
88,Tree-80,25,True,18.688,4,NONE
89,Tree-80,75,True,24.478,6,NONE
90,Tree-80,59,True,20.604,5,NONE
91,Tree-80,71,True,23.869,6,NONE
92,Tree-80,7,True,13.125,3,NONE
93,Tree-80,6,False,3.567,2,CHANNEL_DROP
94,Tree-80,44,True,21.312,5,NONE
95,Tree-80,29,False,7.508,4,CHANNEL_DROP
96,Tree-80,21,True,16.492,4,NONE
97,Tree-80,23,False,3.279,4,CHANNEL_DROP
98,Tree-80,40,True,22.237,5,NONE
99,Tree-80,3,True,10.287,2,NONE
100,Tree-80,42,True,20.318,5,NONE
101,Tree-80,46,True,21.382,5,NONE
102,Tree-80,50,True,20.638,5,NONE
103,Tree-80,29,True,19.111,4,NONE
104,Tree-80,12,True,13.663,3,NONE
105,Tree-80,24,True,17.321,4,NONE
106,Tree-80,23,False,6.638,4,CHANNEL_DROP
107,Tree-80,26,True,16.612,4,NONE
108,Tree-80,69,False,3.246,6,CHANNEL_DROP
109,Tree-80,22,True,17.17,4,NONE
110,Tree-80,48,False,16.835,5,CHANNEL_DROP
111,Tree-80,59,True,22.2,5,NONE
112,Tree-80,52,True,21.142,5,NONE
113,Tree-80,49,True,21.552,5,NONE
114,Tree-80,51,True,21.168,5,NONE
115,Tree-80,13,True,13.228,3,NONE
116,Tree-80,66,False,13.726,6,CHANNEL_DROP
117,Tree-80,13,True,13.66,3,NONE
118,Tree-80,79,True,23.116,6,NONE
119,Tree-80,20,True,17.384,4,NONE
120,Tree-80,51,False,3.044,5,CHANNEL_DROP
121,Tree-80,18,False,14.858,4,CHANNEL_DROP
122,Tree-80,9,True,14.412,3,NONE
123,Tree-80,15,True,18.074,4,NONE
124,Tree-80,43,True,20.832,5,NONE
125,Tree-80,43,True,20.915,5,NONE
126,Tree-80,32,True,20.86,5,NONE
127,Tree-80,9,True,14.08,3,NONE
128,Tree-80,48,True,20.935,5,NONE
129,Tree-80,42,True,20.928,5,NONE
130,Tree-80,7,False,0.0,3,CHANNEL_DROP
131,Tree-80,23,True,17.067,4,NONE
132,Tree-80,13,True,13.78,3,NONE
133,Tree-80,63,True,24.439,6,NONE
134,Tree-80,5,True,10.763,2,NONE
135,Tree-80,40,True,21.052,5,NONE
136,Tree-80,76,True,23.959,6,NONE
137,Tree-80,76,True,25.388,6,NONE
138,Tree-80,42,True,22.469,5,NONE
139,Tree-80,12,True,15.384,3,NONE
140,Tree-80,24,False,10.855,4,CHANNEL_DROP
141,Tree-80,62,True,21.704,5,NONE
142,Tree-80,26,True,18.04,4,NONE
143,Tree-80,53,True,21.93,5,NONE
144,Tree-80,5,False,7.063,2,CHANNEL_DROP
145,Tree-80,30,True,18.128,4,NONE
146,Tree-80,54,False,0.0,5,CHANNEL_DROP
147,Tree-80,40,True,21.217,5,NONE
148,Tree-80,26,False,0.0,4,CHANNEL_DROP
149,Tree-80,55,True,20.694,5,NONE
150,Tree-80,21,True,18.495,4,NONE
151,Tree-80,31,True,21.322,5,NONE
152,Tree-80,79,True,23.9,6,NONE
153,Tree-80,44,True,21.987,5,NONE
154,Tree-80,52,True,20.941,5,NONE
155,Tree-80,50,False,9.976,5,CHANNEL_DROP
156,Tree-80,48,True,20.676,5,NONE
157,Tree-80,71,True,23.808,6,NONE
158,Tree-80,34,True,22.014,5,NONE
159,Tree-80,24,True,17.988,4,NONE
160,Tree-80,24,True,18.018,4,NONE
161,Tree-80,74,True,23.848,6,NONE
162,Tree-80,76,False,0.0,6,CHANNEL_DROP
163,Tree-80,62,True,20.989,5,NONE
164,Tree-80,14,True,14.192,3,NONE
165,Tree-80,53,False,0.0,5,CHANNEL_DROP
166,Tree-80,67,True,24.642,6,NONE
167,Tree-80,75,True,23.96,6,NONE
168,Tree-80,16,True,16.197,4,NONE
169,Tree-80,15,False,7.482,4,CHANNEL_DROP
170,Tree-80,14,True,13.843,3,NONE
171,Tree-80,67,True,24.65,6,NONE
172,Tree-80,21,True,17.328,4,NONE
173,Tree-80,2,True,7.217,1,NONE
174,Tree-80,39,True,19.839,5,NONE
175,Tree-80,29,True,16.683,4,NONE
176,Tree-80,40,True,21.301,5,NONE
177,Tree-80,68,True,23.386,6,NONE
178,Tree-80,33,True,19.614,5,NONE
179,Tree-80,44,True,20.354,5,NONE
180,Tree-80,53,False,17.698,5,CHANNEL_DROP
181,Tree-80,76,True,24.824,6,NONE
182,Tree-80,61,False,7.237,5,CHANNEL_DROP
183,Tree-80,63,True,23.236,6,NONE
184,Tree-80,13,True,13.178,3,NONE
185,Tree-80,27,True,17.257,4,NONE
186,Tree-80,39,True,20.606,5,NONE
187,Tree-80,21,True,17.154,4,NONE
188,Tree-80,76,True,25.848,6,NONE
189,Tree-80,28,True,17.655,4,NONE
190,Tree-80,17,True,17.375,4,NONE
191,Tree-80,67,True,23.775,6,NONE
192,Tree-80,23,True,16.899,4,NONE
193,Tree-80,70,True,24.588,6,NONE
194,Tree-80,75,True,24.942,6,NONE
195,Tree-80,15,True,17.297,4,NONE
196,Tree-80,67,True,24.499,6,NONE
197,Tree-80,49,True,20.089,5,NONE
198,Tree-80,7,True,13.964,3,NONE
199,Tree-80,27,True,18.696,4,NONE
200,Tree-80,68,False,16.157,6,CHANNEL_DROP
201,Tree-80,34,True,20.975,5,NONE
202,Tree-80,9,True,14.079,3,NONE
203,Tree-80,39,True,21.551,5,NONE
204,Tree-80,50,True,20.706,5,NONE
205,Tree-80,24,True,17.215,4,NONE
206,Tree-80,68,True,24.242,6,NONE
207,Tree-80,44,True,22.365,5,NONE
208,Tree-80,16,True,17.19,4,NONE
209,Tree-80,78,True,24.288,6,NONE
210,Tree-80,65,True,24.663,6,NONE
211,Tree-80,76,True,24.314,6,NONE
212,Tree-80,54,True,21.144,5,NONE
213,Tree-80,74,True,25.149,6,NONE
214,Tree-80,10,True,13.119,3,NONE
215,Tree-80,17,True,17.943,4,NONE
216,Tree-80,6,True,10.461,2,NONE
217,Tree-80,25,True,17.472,4,NONE
218,Tree-80,10,True,14.636,3,NONE
219,Tree-80,66,True,24.485,6,NONE
220,Tree-80,71,False,0.0,6,CHANNEL_DROP
221,Tree-80,68,True,24.388,6,NONE
222,Tree-80,48,False,17.291,5,CHANNEL_DROP
223,Tree-80,58,True,21.402,5,NONE
224,Tree-80,71,True,25.379,6,NONE
225,Tree-80,73,True,23.626,6,NONE
226,Tree-80,56,True,21.15,5,NONE
227,Tree-80,57,True,21.65,5,NONE
228,Tree-80,72,True,25.627,6,NONE
229,Tree-80,19,True,17.206,4,NONE
230,Tree-80,28,False,0.0,4,CHANNEL_DROP
231,Tree-80,62,True,21.022,5,NONE
232,Tree-80,52,True,19.692,5,NONE
233,Tree-80,66,True,24.648,6,NONE
234,Tree-80,7,True,14.391,3,NONE
235,Tree-80,7,True,14.872,3,NONE
236,Tree-80,7,True,12.842,3,NONE
237,Tree-80,58,False,10.275,5,CHANNEL_DROP
238,Tree-80,12,True,13.713,3,NONE
239,Tree-80,78,True,25.127,6,NONE
240,Tree-80,26,True,17.517,4,NONE
241,Tree-80,78,True,25.307,6,NONE
242,Tree-80,70,True,24.429,6,NONE
243,Tree-80,27,True,18.686,4,NONE
244,Tree-80,10,False,0.0,3,CHANNEL_DROP
245,Tree-80,21,True,17.261,4,NONE
246,Tree-80,70,True,25.26,6,NONE
247,Tree-80,53,True,21.828,5,NONE
248,Tree-80,8,True,13.855,3,NONE
249,Tree-80,1,True,6.315,1,NONE
250,Tree-80,29,False,10.98,4,CHANNEL_DROP
251,Tree-80,43,True,21.764,5,NONE
252,Tree-80,59,True,21.261,5,NONE
253,Tree-80,5,True,11.332,2,NONE
254,Tree-80,56,True,20.733,5,NONE
255,Tree-80,37,True,20.399,5,NONE
256,Tree-80,62,True,21.156,5,NONE
257,Tree-80,69,True,25.604,6,NONE
258,Tree-80,41,True,21.193,5,NONE
259,Tree-80,43,True,20.223,5,NONE
260,Tree-80,76,True,25.3,6,NONE
261,Tree-80,70,True,23.836,6,NONE
262,Tree-80,22,True,17.284,4,NONE
263,Tree-80,65,True,24.533,6,NONE
264,Tree-80,29,False,0.0,4,CHANNEL_DROP
265,Tree-80,40,True,20.791,5,NONE
266,Tree-80,75,True,22.944,6,NONE
267,Tree-80,54,True,22.385,5,NONE
268,Tree-80,14,True,14.927,3,NONE
269,Tree-80,76,True,24.533,6,NONE
270,Tree-80,72,True,24.381,6,NONE
271,Tree-80,44,True,22.158,5,NONE
272,Tree-80,39,True,21.322,5,NONE
273,Tree-80,30,True,17.374,4,NONE
274,Tree-80,27,False,0.0,4,CHANNEL_DROP
275,Tree-80,44,True,21.151,5,NONE
276,Tree-80,63,True,26.046,6,NONE
277,Tree-80,22,True,17.113,4,NONE
278,Tree-80,9,True,14.614,3,NONE
279,Tree-80,12,True,13.731,3,NONE
280,Tree-80,52,True,21.108,5,NONE
281,Tree-80,74,True,25.124,6,NONE
282,Tree-80,16,True,16.858,4,NONE
283,Tree-80,4,True,10.48,2,NONE
284,Tree-80,22,True,17.748,4,NONE
285,Tree-80,47,True,21.64,5,NONE
286,Tree-80,29,True,17.947,4,NONE
287,Tree-80,15,True,16.811,4,NONE
288,Tree-80,77,True,24.931,6,NONE
289,Tree-80,13,True,13.323,3,NONE
290,Tree-80,71,True,25.45,6,NONE
291,Tree-80,69,True,25.169,6,NONE
292,Tree-80,15,True,17.608,4,NONE
293,Tree-80,22,True,17.227,4,NONE
294,Tree-80,79,True,25.486,6,NONE
295,Tree-80,59,True,21.455,5,NONE
296,Tree-80,5,True,11.581,2,NONE
297,Tree-80,26,True,17.085,4,NONE
298,Tree-80,39,True,19.503,5,NONE
299,Tree-80,42,True,20.025,5,NONE
300,Tree-80,1,True,6.811,1,NONE
301,Tree-80,17,True,17.554,4,NONE
302,Tree-80,70,True,24.814,6,NONE
303,Tree-80,30,True,17.457,4,NONE
304,Tree-80,17,True,17.913,4,NONE
305,Tree-80,29,False,6.925,4,CHANNEL_DROP
306,Tree-80,47,True,21.437,5,NONE
307,Tree-80,48,False,13.693,5,CHANNEL_DROP
308,Tree-80,6,True,10.31,2,NONE
309,Tree-80,53,True,20.83,5,NONE
310,Tree-80,19,True,16.758,4,NONE
311,Tree-80,30,True,17.524,4,NONE
312,Tree-80,26,True,16.911,4,NONE
313,Tree-80,16,True,18.476,4,NONE
314,Tree-80,56,False,13.884,5,CHANNEL_DROP
315,Tree-80,8,True,14.098,3,NONE
316,Tree-80,7,True,14.385,3,NONE
317,Tree-80,71,False,10.842,6,CHANNEL_DROP
318,Tree-80,32,True,21.589,5,NONE
319,Tree-80,78,True,24.218,6,NONE
320,Tree-80,63,True,24.147,6,NONE
321,Tree-80,79,True,24.475,6,NONE
322,Tree-80,12,True,15.01,3,NONE
323,Tree-80,70,True,25.463,6,NONE
324,Tree-80,69,True,24.984,6,NONE
325,Tree-80,46,True,21.078,5,NONE
326,Tree-80,41,True,20.087,5,NONE
327,Tree-80,76,True,24.921,6,NONE
328,Tree-80,30,True,17.48,4,NONE
329,Tree-80,37,True,21.05,5,NONE
330,Tree-80,38,True,21.51,5,NONE
331,Tree-80,40,True,20.699,5,NONE
332,Tree-80,1,True,6.796,1,NONE
333,Tree-80,69,True,24.303,6,NONE
334,Tree-80,12,True,14.281,3,NONE
335,Tree-80,77,False,13.008,6,CHANNEL_DROP
336,Tree-80,24,True,16.861,4,NONE
337,Tree-80,36,True,22.092,5,NONE
338,Tree-80,61,True,21.484,5,NONE
339,Tree-80,1,True,6.559,1,NONE
340,Tree-80,11,True,13.239,3,NONE
341,Tree-80,49,True,20.551,5,NONE
342,Tree-80,40,True,21.827,5,NONE
343,Tree-80,62,True,20.651,5,NONE
344,Tree-80,72,True,22.76,6,NONE
345,Tree-80,39,True,21.668,5,NONE
346,Tree-80,56,False,6.312,5,CHANNEL_DROP
347,Tree-80,40,True,21.762,5,NONE
348,Tree-80,78,True,24.037,6,NONE
349,Tree-80,78,False,3.925,6,CHANNEL_DROP
350,Tree-80,55,True,21.398,5,NONE
351,Tree-80,79,True,23.15,6,NONE
352,Tree-80,69,False,0.0,6,CHANNEL_DROP
353,Tree-80,61,True,21.506,5,NONE
354,Tree-80,35,True,21.082,5,NONE
355,Tree-80,62,True,21.159,5,NONE
356,Tree-80,23,True,17.553,4,NONE
357,Tree-80,55,True,21.245,5,NONE
358,Tree-80,37,True,21.314,5,NONE
359,Tree-80,38,True,21.276,5,NONE
360,Tree-80,70,True,24.252,6,NONE
361,Tree-80,19,True,16.963,4,NONE
362,Tree-80,9,True,13.698,3,NONE
363,Tree-80,33,True,21.268,5,NONE
364,Tree-80,71,True,24.598,6,NONE
365,Tree-80,73,True,25.993,6,NONE
366,Tree-80,18,True,17.478,4,NONE
367,Tree-80,27,True,18.015,4,NONE
368,Tree-80,64,True,24.718,6,NONE
369,Tree-80,24,False,3.889,4,CHANNEL_DROP
370,Tree-80,67,True,24.321,6,NONE
371,Tree-80,48,True,20.727,5,NONE
372,Tree-80,36,True,21.279,5,NONE
373,Tree-80,3,True,10.034,2,NONE
374,Tree-80,43,False,6.663,5,CHANNEL_DROP
375,Tree-80,6,True,10.408,2,NONE
376,Tree-80,51,True,20.82,5,NONE
377,Tree-80,76,True,24.9,6,NONE
378,Tree-80,50,True,21.427,5,NONE
379,Tree-80,10,True,13.006,3,NONE
380,Tree-80,77,True,24.423,6,NONE
381,Tree-80,1,True,7.915,1,NONE
382,Tree-80,10,True,13.91,3,NONE
383,Tree-80,18,True,17.114,4,NONE
384,Tree-80,52,True,20.506,5,NONE
385,Tree-80,47,True,19.552,5,NONE
386,Tree-80,47,True,20.721,5,NONE
387,Tree-80,18,True,17.923,4,NONE
388,Tree-80,63,True,24.668,6,NONE
389,Tree-80,62,False,13.859,5,CHANNEL_DROP
390,Tree-80,23,True,17.996,4,NONE
391,Tree-80,57,True,20.292,5,NONE
392,Tree-80,12,True,14.31,3,NONE
393,Tree-80,67,True,25.434,6,NONE
394,Tree-80,19,True,16.7,4,NONE
395,Tree-80,72,True,24.474,6,NONE
396,Tree-80,54,True,21.856,5,NONE
397,Tree-80,65,True,26.116,6,NONE
398,Tree-80,36,True,21.201,5,NONE
399,Tree-80,42,True,20.965,5,NONE
400,Tree-80,13,True,14.624,3,NONE
401,Tree-80,23,True,17.088,4,NONE
402,Tree-80,1,True,7.568,1,NONE
403,Tree-80,73,False,3.962,6,CHANNEL_DROP
404,Tree-80,54,True,22.175,5,NONE
405,Tree-80,57,True,21.491,5,NONE
406,Tree-80,76,True,24.481,6,NONE
407,Tree-80,16,False,0.0,4,CHANNEL_DROP
408,Tree-80,45,True,19.956,5,NONE
409,Tree-80,44,True,20.677,5,NONE
410,Tree-80,53,True,21.49,5,NONE
411,Tree-80,6,True,10.522,2,NONE
412,Tree-80,28,True,16.906,4,NONE
413,Tree-80,21,False,6.356,4,CHANNEL_DROP
414,Tree-80,64,True,24.246,6,NONE
415,Tree-80,40,False,3.095,5,CHANNEL_DROP
416,Tree-80,5,True,10.726,2,NONE
417,Tree-80,70,False,16.605,6,CHANNEL_DROP
418,Tree-80,43,True,22.14,5,NONE
419,Tree-80,76,False,13.141,6,CHANNEL_DROP
420,Tree-80,19,True,16.74,4,NONE
421,Tree-80,45,True,21.146,5,NONE
422,Tree-80,68,True,24.934,6,NONE
423,Tree-80,41,True,20.974,5,NONE
424,Tree-80,78,True,24.95,6,NONE
425,Tree-80,18,True,17.277,4,NONE
426,Tree-80,20,True,17.734,4,NONE
427,Tree-80,47,True,21.179,5,NONE
428,Tree-80,17,True,17.426,4,NONE
429,Tree-80,65,True,24.206,6,NONE
430,Tree-80,13,True,14.581,3,NONE
431,Tree-80,10,True,14.107,3,NONE
432,Tree-80,4,True,11.05,2,NONE
433,Tree-80,21,True,17.409,4,NONE
434,Tree-80,54,True,21.847,5,NONE
435,Tree-80,39,True,21.579,5,NONE
436,Tree-80,45,False,0.0,5,CHANNEL_DROP
437,Tree-80,78,True,23.498,6,NONE
438,Tree-80,72,True,25.65,6,NONE
439,Tree-80,19,True,18.032,4,NONE
440,Tree-80,18,True,17.922,4,NONE
441,Tree-80,26,True,16.958,4,NONE
442,Tree-80,35,True,21.268,5,NONE
443,Tree-80,43,True,21.086,5,NONE
444,Tree-80,27,False,10.11,4,CHANNEL_DROP
445,Tree-80,43,True,21.518,5,NONE
446,Tree-80,58,True,21.36,5,NONE
447,Tree-80,37,True,21.41,5,NONE
448,Tree-80,8,True,13.808,3,NONE
449,Tree-80,16,True,16.781,4,NONE
450,Tree-80,41,True,21.395,5,NONE
451,Tree-80,7,True,14.151,3,NONE
452,Tree-80,44,True,21.545,5,NONE
453,Tree-80,6,True,10.319,2,NONE
454,Tree-80,4,True,10.051,2,NONE
455,Tree-80,20,True,17.01,4,NONE
456,Tree-80,30,True,18.135,4,NONE
457,Tree-80,26,True,17.08,4,NONE
458,Tree-80,63,True,25.056,6,NONE
459,Tree-80,25,True,17.718,4,NONE
460,Tree-80,17,True,17.654,4,NONE
461,Tree-80,78,True,24.776,6,NONE
462,Tree-80,72,True,24.189,6,NONE
463,Tree-80,34,True,20.426,5,NONE
464,Tree-80,20,True,19.04,4,NONE
465,Tree-80,52,True,21.437,5,NONE
466,Tree-80,32,True,20.912,5,NONE
467,Tree-80,16,False,3.324,4,CHANNEL_DROP
468,Tree-80,10,True,13.935,3,NONE
469,Tree-80,61,True,19.81,5,NONE
470,Tree-80,35,True,19.93,5,NONE
471,Tree-80,71,True,24.832,6,NONE
472,Tree-80,20,True,18.577,4,NONE
473,Tree-80,73,True,24.659,6,NONE
474,Tree-80,74,True,25.161,6,NONE
475,Tree-80,49,True,20.585,5,NONE
476,Tree-80,45,False,14.574,5,CHANNEL_DROP
477,Tree-80,54,True,20.683,5,NONE
478,Tree-80,26,True,16.238,4,NONE
479,Tree-80,5,True,10.277,2,NONE
480,Tree-80,11,True,13.69,3,NONE
481,Tree-80,76,True,23.226,6,NONE
482,Tree-80,73,True,24.844,6,NONE
483,Tree-80,40,True,21.417,5,NONE
484,Tree-80,53,True,21.198,5,NONE
485,Tree-80,74,False,13.429,6,CHANNEL_DROP
486,Tree-80,74,True,24.752,6,NONE
487,Tree-80,17,True,17.141,4,NONE
488,Tree-80,73,True,24.976,6,NONE
489,Tree-80,44,True,21.37,5,NONE
490,Tree-80,34,True,20.348,5,NONE
491,Tree-80,18,True,16.765,4,NONE
492,Tree-80,54,True,22.26,5,NONE
493,Tree-80,73,True,23.74,6,NONE
494,Tree-80,41,True,20.978,5,NONE
495,Tree-80,21,True,16.51,4,NONE
496,Tree-80,2,True,6.688,1,NONE
497,Tree-80,9,True,14.149,3,NONE
498,Tree-80,62,True,20.619,5,NONE
499,Tree-80,72,True,24.865,6,NONE
500,Tree-80,3,True,10.432,2,NONE
1,Random-150,16,True,28.436,7,NONE
2,Random-150,57,True,18.477,4,NONE
3,Random-150,47,True,19.439,5,NONE
4,Random-150,41,True,10.698,2,NONE
5,Random-150,17,True,20.728,5,NONE
6,Random-150,44,False,0.0,2,CHANNEL_DROP
7,Random-150,143,True,18.106,4,NONE
8,Random-150,30,True,24.442,6,NONE
9,Random-150,107,True,27.382,7,NONE
10,Random-150,118,True,22.492,5,NONE
11,Random-150,106,True,10.837,2,NONE
12,Random-150,68,True,6.97,1,NONE
13,Random-150,73,True,13.713,3,NONE
14,Random-150,122,True,23.89,6,NONE
15,Random-150,137,True,7.047,1,NONE
16,Random-150,9,True,13.978,3,NONE
17,Random-150,47,True,21.159,5,NONE
18,Random-150,144,True,23.766,6,NONE
19,Random-150,1,True,24.561,6,NONE
20,Random-150,51,True,26.407,6,NONE
21,Random-150,9,True,13.347,3,NONE
22,Random-150,67,True,11.034,2,NONE
23,Random-150,149,True,20.286,5,NONE
24,Random-150,37,True,20.878,5,NONE
25,Random-150,132,True,13.999,3,NONE
26,Random-150,45,False,7.049,3,CHANNEL_DROP
27,Random-150,21,True,13.391,3,NONE
28,Random-150,66,True,25.556,6,NONE
29,Random-150,145,True,25.14,6,NONE
30,Random-150,133,True,9.487,2,NONE
31,Random-150,13,True,16.796,4,NONE
32,Random-150,141,True,14.508,3,NONE
33,Random-150,122,True,23.448,6,NONE
34,Random-150,139,False,21.736,6,CHANNEL_DROP
35,Random-150,148,True,27.208,7,NONE
36,Random-150,113,True,10.049,2,NONE
37,Random-150,101,True,13.886,3,NONE
38,Random-150,68,True,7.601,1,NONE
39,Random-150,90,True,16.022,4,NONE
40,Random-150,62,True,21.051,5,NONE
41,Random-150,137,True,7.198,1,NONE
42,Random-150,122,True,25.228,6,NONE
43,Random-150,38,True,21.158,5,NONE
44,Random-150,120,True,24.309,6,NONE
45,Random-150,105,True,13.285,3,NONE
46,Random-150,143,True,18.411,4,NONE
47,Random-150,6,True,17.366,4,NONE
48,Random-150,83,True,22.324,5,NONE
49,Random-150,123,True,23.008,6,NONE
50,Random-150,126,True,6.768,1,NONE
51,Random-150,114,True,21.378,5,NONE
52,Random-150,54,True,20.984,5,NONE
53,Random-150,107,True,28.739,7,NONE
54,Random-150,103,True,20.406,5,NONE
55,Random-150,135,True,17.087,4,NONE
56,Random-150,66,True,24.669,6,NONE
57,Random-150,143,True,17.026,4,NONE
58,Random-150,130,True,20.669,5,NONE
59,Random-150,61,True,24.222,6,NONE
60,Random-150,46,True,7.475,1,NONE
61,Random-150,135,True,18.597,4,NONE
62,Random-150,36,True,27.166,7,NONE
63,Random-150,55,True,10.737,2,NONE
64,Random-150,95,True,16.776,4,NONE
65,Random-150,30,True,24.964,6,NONE
66,Random-150,62,True,20.57,5,NONE
67,Random-150,72,True,7.213,1,NONE
68,Random-150,64,True,10.225,2,NONE
69,Random-150,38,True,20.37,5,NONE
70,Random-150,100,True,13.551,3,NONE
71,Random-150,57,True,16.176,4,NONE
72,Random-150,4,True,27.495,7,NONE
73,Random-150,8,False,0.0,8,CHANNEL_DROP
74,Random-150,124,True,16.992,4,NONE
75,Random-150,123,True,24.044,6,NONE
76,Random-150,7,True,10.371,2,NONE
77,Random-150,30,False,10.393,6,CHANNEL_DROP
78,Random-150,68,True,6.552,1,NONE
79,Random-150,60,True,24.058,6,NONE
80,Random-150,5,True,10.283,2,NONE
81,Random-150,6,True,17.356,4,NONE
82,Random-150,148,True,27.234,7,NONE
83,Random-150,115,True,24.722,6,NONE
84,Random-150,16,True,28.656,7,NONE
85,Random-150,12,True,18.012,4,NONE
86,Random-150,52,True,10.698,2,NONE
87,Random-150,11,True,25.4,6,NONE
88,Random-150,4,False,7.09,7,CHANNEL_DROP
89,Random-150,6,False,0.0,4,CHANNEL_DROP
90,Random-150,138,True,24.649,6,NONE
91,Random-150,1,True,25.395,6,NONE
92,Random-150,122,True,25.002,6,NONE
93,Random-150,13,True,17.54,4,NONE
94,Random-150,119,True,20.297,5,NONE
95,Random-150,5,True,9.596,2,NONE
96,Random-150,64,True,10.383,2,NONE
97,Random-150,75,True,20.755,5,NONE
98,Random-150,144,False,13.562,6,CHANNEL_DROP
99,Random-150,105,True,13.153,3,NONE
100,Random-150,95,False,11.139,4,CHANNEL_DROP
101,Random-150,78,True,28.129,7,NONE
102,Random-150,106,True,9.631,2,NONE
103,Random-150,7,True,9.361,2,NONE
104,Random-150,46,True,7.894,1,NONE
105,Random-150,114,False,10.709,5,CHANNEL_DROP
106,Random-150,114,True,22.222,5,NONE
107,Random-150,117,True,16.664,4,NONE
108,Random-150,54,True,20.794,5,NONE
109,Random-150,34,False,7.121,4,CHANNEL_DROP
110,Random-150,105,True,13.585,3,NONE
111,Random-150,20,True,21.466,5,NONE
112,Random-150,16,True,28.067,7,NONE
113,Random-150,101,True,14.878,3,NONE
114,Random-150,43,True,14.64,3,NONE
115,Random-150,33,True,27.657,7,NONE
116,Random-150,17,True,20.236,5,NONE
117,Random-150,43,True,13.876,3,NONE
118,Random-150,107,True,28.146,7,NONE
119,Random-150,146,True,23.488,6,NONE
120,Random-150,124,True,17.572,4,NONE
121,Random-150,14,True,21.464,5,NONE
122,Random-150,90,True,16.951,4,NONE
123,Random-150,37,True,21.407,5,NONE
124,Random-150,35,True,20.423,5,NONE
125,Random-150,112,True,12.852,3,NONE
126,Random-150,94,True,22.142,5,NONE
127,Random-150,33,True,26.837,7,NONE
128,Random-150,98,True,19.525,5,NONE
129,Random-150,52,True,11.521,2,NONE
130,Random-150,42,True,13.088,3,NONE
131,Random-150,77,False,3.22,5,CHANNEL_DROP
132,Random-150,29,True,24.684,6,NONE
133,Random-150,77,False,14.083,5,CHANNEL_DROP
134,Random-150,5,True,11.373,2,NONE
135,Random-150,130,True,22.092,5,NONE
136,Random-150,119,True,19.89,5,NONE
137,Random-150,123,False,3.734,6,CHANNEL_DROP
138,Random-150,78,True,27.905,7,NONE
139,Random-150,128,True,21.455,5,NONE
140,Random-150,19,True,27.206,7,NONE
141,Random-150,12,True,18.209,4,NONE
142,Random-150,89,True,20.832,5,NONE
143,Random-150,8,False,17.314,8,CHANNEL_DROP
144,Random-150,7,True,10.507,2,NONE
145,Random-150,22,True,13.422,3,NONE
146,Random-150,85,True,17.109,4,NONE
147,Random-150,8,True,30.901,8,NONE
148,Random-150,130,True,20.227,5,NONE
149,Random-150,62,True,20.128,5,NONE
150,Random-150,146,False,0.0,6,CHANNEL_DROP
151,Random-150,71,True,23.176,6,NONE
152,Random-150,11,True,22.995,6,NONE
153,Random-150,74,True,17.604,4,NONE
154,Random-150,42,True,14.906,3,NONE
155,Random-150,34,True,16.973,4,NONE
156,Random-150,79,True,17.303,4,NONE
157,Random-150,147,False,13.924,4,CHANNEL_DROP
158,Random-150,145,True,24.296,6,NONE
159,Random-150,12,True,18.035,4,NONE
160,Random-150,9,True,13.548,3,NONE
161,Random-150,18,True,7.615,1,NONE
162,Random-150,91,True,10.072,2,NONE
163,Random-150,9,True,13.848,3,NONE
164,Random-150,65,False,9.983,5,CHANNEL_DROP
165,Random-150,143,True,17.122,4,NONE
166,Random-150,15,True,13.304,3,NONE
167,Random-150,38,True,21.492,5,NONE
168,Random-150,54,True,20.241,5,NONE
169,Random-150,73,True,13.306,3,NONE
170,Random-150,7,True,10.763,2,NONE
171,Random-150,42,True,13.362,3,NONE
172,Random-150,94,True,21.235,5,NONE
173,Random-150,118,True,20.437,5,NONE
174,Random-150,68,True,7.215,1,NONE
175,Random-150,30,True,24.187,6,NONE
176,Random-150,148,True,27.04,7,NONE
177,Random-150,144,True,25.815,6,NONE
178,Random-150,84,True,13.187,3,NONE
179,Random-150,142,True,18.009,4,NONE
180,Random-150,67,True,10.838,2,NONE
181,Random-150,73,False,6.581,3,CHANNEL_DROP
182,Random-150,111,True,27.583,7,NONE
183,Random-150,62,True,21.351,5,NONE
184,Random-150,59,True,23.355,6,NONE
185,Random-150,116,True,9.927,2,NONE
186,Random-150,86,True,9.923,2,NONE
187,Random-150,60,True,22.363,6,NONE
188,Random-150,93,True,22.121,5,NONE
189,Random-150,113,True,9.546,2,NONE
190,Random-150,74,False,11.218,4,CHANNEL_DROP
191,Random-150,23,True,26.538,7,NONE
192,Random-150,52,True,10.125,2,NONE
193,Random-150,78,False,25.221,7,CHANNEL_DROP
194,Random-150,89,True,21.797,5,NONE
195,Random-150,9,True,13.422,3,NONE
196,Random-150,26,True,6.978,1,NONE
197,Random-150,73,True,13.328,3,NONE
198,Random-150,111,True,28.068,7,NONE
199,Random-150,9,True,13.263,3,NONE
200,Random-150,11,True,24.726,6,NONE
201,Random-150,135,True,17.624,4,NONE
202,Random-150,36,True,28.749,7,NONE
203,Random-150,12,True,17.499,4,NONE
204,Random-150,107,True,27.777,7,NONE
205,Random-150,107,True,28.142,7,NONE
206,Random-150,21,True,13.846,3,NONE
207,Random-150,54,True,20.248,5,NONE
208,Random-150,143,True,17.718,4,NONE
209,Random-150,75,True,21.14,5,NONE
210,Random-150,141,True,15.001,3,NONE
211,Random-150,39,False,13.741,4,CHANNEL_DROP
212,Random-150,101,True,13.671,3,NONE
213,Random-150,14,True,21.511,5,NONE
214,Random-150,31,True,24.178,6,NONE
215,Random-150,107,True,28.141,7,NONE
216,Random-150,49,True,16.972,4,NONE
217,Random-150,30,False,9.621,6,CHANNEL_DROP
218,Random-150,32,True,25.371,6,NONE
219,Random-150,139,False,6.956,6,CHANNEL_DROP
220,Random-150,78,False,20.414,7,CHANNEL_DROP
221,Random-150,147,False,14.397,4,CHANNEL_DROP
222,Random-150,78,True,28.69,7,NONE
223,Random-150,65,True,21.343,5,NONE
224,Random-150,107,True,28.424,7,NONE
225,Random-150,46,True,6.655,1,NONE
226,Random-150,104,True,17.845,4,NONE
227,Random-150,50,True,22.024,5,NONE
228,Random-150,147,True,18.048,4,NONE
229,Random-150,66,True,24.447,6,NONE
230,Random-150,3,True,13.792,3,NONE
231,Random-150,18,True,6.532,1,NONE
232,Random-150,9,True,13.649,3,NONE
233,Random-150,40,True,17.725,4,NONE
234,Random-150,36,True,28.093,7,NONE
235,Random-150,107,True,28.161,7,NONE
236,Random-150,109,True,18.05,4,NONE
237,Random-150,2,True,20.743,5,NONE
238,Random-150,14,True,19.815,5,NONE
239,Random-150,88,True,25.872,6,NONE
240,Random-150,76,True,21.39,5,NONE
241,Random-150,125,True,23.199,6,NONE
242,Random-150,91,True,9.681,2,NONE
243,Random-150,94,True,20.137,5,NONE
244,Random-150,31,False,13.36,6,CHANNEL_DROP
245,Random-150,82,True,17.338,4,NONE
246,Random-150,144,True,25.416,6,NONE
247,Random-150,6,False,3.534,4,CHANNEL_DROP
248,Random-150,105,True,14.478,3,NONE
249,Random-150,54,True,21.081,5,NONE
250,Random-150,115,True,24.919,6,NONE
251,Random-150,75,True,20.162,5,NONE
252,Random-150,107,True,28.743,7,NONE
253,Random-150,74,True,17.673,4,NONE
254,Random-150,17,True,22.093,5,NONE
255,Random-150,66,True,22.684,6,NONE
256,Random-150,104,True,16.455,4,NONE
257,Random-150,141,False,6.354,3,CHANNEL_DROP
258,Random-150,145,True,22.284,6,NONE
259,Random-150,122,True,24.608,6,NONE
260,Random-150,131,True,21.703,5,NONE
261,Random-150,60,False,3.124,6,CHANNEL_DROP
262,Random-150,149,True,20.892,5,NONE
263,Random-150,99,True,20.492,5,NONE
264,Random-150,119,False,0.0,5,CHANNEL_DROP
265,Random-150,119,False,7.076,5,CHANNEL_DROP
266,Random-150,52,True,11.314,2,NONE
267,Random-150,2,True,20.796,5,NONE
268,Random-150,80,True,14.129,3,NONE
269,Random-150,98,True,22.33,5,NONE
270,Random-150,142,True,18.107,4,NONE
271,Random-150,85,True,18.449,4,NONE
272,Random-150,127,True,20.635,5,NONE
273,Random-150,38,True,21.435,5,NONE
274,Random-150,43,True,14.154,3,NONE
275,Random-150,126,True,6.846,1,NONE
276,Random-150,142,True,18.074,4,NONE
277,Random-150,61,True,24.353,6,NONE
278,Random-150,87,True,17.413,4,NONE
279,Random-150,59,True,24.786,6,NONE
280,Random-150,58,True,17.761,4,NONE
281,Random-150,118,False,0.0,5,CHANNEL_DROP
282,Random-150,148,True,27.757,7,NONE
283,Random-150,5,True,11.055,2,NONE
284,Random-150,112,False,3.569,3,CHANNEL_DROP
285,Random-150,115,True,25.331,6,NONE
286,Random-150,75,True,21.541,5,NONE
287,Random-150,74,True,17.558,4,NONE
288,Random-150,75,True,20.884,5,NONE
289,Random-150,27,True,13.608,3,NONE
290,Random-150,76,True,20.708,5,NONE
291,Random-150,141,True,13.829,3,NONE
292,Random-150,134,True,14.056,3,NONE
293,Random-150,145,True,24.197,6,NONE
294,Random-150,143,True,17.806,4,NONE
295,Random-150,144,True,24.52,6,NONE
296,Random-150,85,True,17.006,4,NONE
297,Random-150,95,False,9.799,4,CHANNEL_DROP
298,Random-150,103,True,19.75,5,NONE
299,Random-150,68,True,6.849,1,NONE
300,Random-150,125,True,23.437,6,NONE
301,Random-150,6,True,16.984,4,NONE
302,Random-150,88,True,24.229,6,NONE
303,Random-150,129,True,14.625,3,NONE
304,Random-150,30,True,23.972,6,NONE
305,Random-150,132,True,14.763,3,NONE
306,Random-150,37,True,20.435,5,NONE
307,Random-150,37,True,19.904,5,NONE
308,Random-150,122,True,25.266,6,NONE
309,Random-150,84,True,13.385,3,NONE
310,Random-150,59,True,25.528,6,NONE
311,Random-150,51,True,24.783,6,NONE
312,Random-150,78,True,29.625,7,NONE
313,Random-150,7,True,10.599,2,NONE
314,Random-150,114,True,19.857,5,NONE
315,Random-150,118,True,21.308,5,NONE
316,Random-150,94,True,21.011,5,NONE
317,Random-150,146,True,25.328,6,NONE
318,Random-150,88,True,24.515,6,NONE
319,Random-150,130,False,0.0,5,CHANNEL_DROP
320,Random-150,107,True,27.832,7,NONE
321,Random-150,116,True,9.698,2,NONE
322,Random-150,130,True,19.843,5,NONE
323,Random-150,27,True,14.73,3,NONE
324,Random-150,84,True,14.906,3,NONE
325,Random-150,138,True,25.039,6,NONE
326,Random-150,61,True,25.144,6,NONE
327,Random-150,120,True,23.039,6,NONE
328,Random-150,62,True,20.459,5,NONE
329,Random-150,32,True,25.545,6,NONE
330,Random-150,23,True,28.024,7,NONE
331,Random-150,104,True,17.149,4,NONE
332,Random-150,95,True,17.822,4,NONE
333,Random-150,43,True,14.018,3,NONE
334,Random-150,27,True,14.575,3,NONE
335,Random-150,149,True,20.865,5,NONE
336,Random-150,8,True,30.036,8,NONE
337,Random-150,20,False,0.0,5,CHANNEL_DROP
338,Random-150,83,True,21.556,5,NONE
339,Random-150,11,False,15.469,6,CHANNEL_DROP
340,Random-150,126,True,7.25,1,NONE
341,Random-150,73,True,13.972,3,NONE
342,Random-150,106,True,10.355,2,NONE
343,Random-150,146,True,24.772,6,NONE
344,Random-150,117,True,17.512,4,NONE
345,Random-150,47,True,21.51,5,NONE
346,Random-150,48,True,25.404,6,NONE
347,Random-150,52,True,10.392,2,NONE
348,Random-150,84,True,13.36,3,NONE
349,Random-150,113,True,10.058,2,NONE
350,Random-150,143,True,17.368,4,NONE
351,Random-150,28,True,16.07,4,NONE
352,Random-150,87,True,18.032,4,NONE
353,Random-150,19,True,27.874,7,NONE
354,Random-150,37,True,21.011,5,NONE
355,Random-150,107,True,27.107,7,NONE
356,Random-150,12,True,17.383,4,NONE
357,Random-150,31,True,23.683,6,NONE
358,Random-150,2,True,21.006,5,NONE
359,Random-150,65,True,22.269,5,NONE
360,Random-150,108,True,20.705,5,NONE
361,Random-150,79,True,17.554,4,NONE
362,Random-150,72,True,7.061,1,NONE
363,Random-150,89,True,21.819,5,NONE
364,Random-150,104,True,17.466,4,NONE
365,Random-150,146,True,24.267,6,NONE
366,Random-150,63,True,17.411,4,NONE
367,Random-150,137,True,6.939,1,NONE
368,Random-150,132,False,10.776,3,CHANNEL_DROP
369,Random-150,26,True,7.572,1,NONE
370,Random-150,5,True,10.693,2,NONE
371,Random-150,76,True,21.382,5,NONE
372,Random-150,78,False,17.495,7,CHANNEL_DROP
373,Random-150,106,True,9.524,2,NONE
374,Random-150,110,True,10.295,2,NONE
375,Random-150,7,True,10.251,2,NONE
376,Random-150,104,True,17.129,4,NONE
377,Random-150,21,True,13.666,3,NONE
378,Random-150,73,True,13.884,3,NONE
379,Random-150,116,True,9.571,2,NONE
380,Random-150,3,True,13.922,3,NONE
381,Random-150,43,True,14.202,3,NONE
382,Random-150,9,True,12.434,3,NONE
383,Random-150,133,True,10.256,2,NONE
384,Random-150,84,True,14.068,3,NONE
385,Random-150,54,True,21.085,5,NONE
386,Random-150,82,True,18.576,4,NONE
387,Random-150,77,True,20.902,5,NONE
388,Random-150,135,True,16.461,4,NONE
389,Random-150,30,True,24.76,6,NONE
390,Random-150,115,True,23.271,6,NONE
391,Random-150,17,True,21.228,5,NONE
392,Random-150,15,True,14.175,3,NONE
393,Random-150,55,True,10.372,2,NONE
394,Random-150,23,True,27.217,7,NONE
395,Random-150,101,True,14.644,3,NONE
396,Random-150,2,False,0.0,5,CHANNEL_DROP
397,Random-150,110,True,10.688,2,NONE
398,Random-150,36,True,25.639,7,NONE
399,Random-150,41,True,10.226,2,NONE
400,Random-150,10,True,11.247,2,NONE
401,Random-150,28,True,18.635,4,NONE
402,Random-150,44,True,10.793,2,NONE
403,Random-150,32,True,24.451,6,NONE
404,Random-150,87,True,17.746,4,NONE
405,Random-150,109,True,16.08,4,NONE
406,Random-150,59,True,25.769,6,NONE
407,Random-150,118,True,21.712,5,NONE
408,Random-150,81,True,16.222,4,NONE
409,Random-150,79,False,6.696,4,CHANNEL_DROP
410,Random-150,18,True,6.629,1,NONE
411,Random-150,120,True,22.962,6,NONE
412,Random-150,6,True,17.53,4,NONE
413,Random-150,48,False,3.876,6,CHANNEL_DROP
414,Random-150,75,True,19.734,5,NONE
415,Random-150,66,True,24.52,6,NONE
416,Random-150,120,True,25.262,6,NONE
417,Random-150,60,True,23.517,6,NONE
418,Random-150,80,True,14.225,3,NONE
419,Random-150,102,True,6.48,1,NONE
420,Random-150,59,True,24.284,6,NONE
421,Random-150,13,True,16.301,4,NONE
422,Random-150,90,True,16.812,4,NONE
423,Random-150,82,False,0.0,4,CHANNEL_DROP
424,Random-150,120,True,25.407,6,NONE
425,Random-150,142,False,9.971,4,CHANNEL_DROP
426,Random-150,32,True,25.146,6,NONE
427,Random-150,112,True,13.283,3,NONE
428,Random-150,19,True,27.89,7,NONE
429,Random-150,33,True,27.291,7,NONE
430,Random-150,65,True,20.609,5,NONE
431,Random-150,133,True,10.886,2,NONE
432,Random-150,69,True,17.777,4,NONE
433,Random-150,11,True,23.284,6,NONE
434,Random-150,38,True,22.01,5,NONE
435,Random-150,110,True,10.681,2,NONE
436,Random-150,76,True,20.033,5,NONE
437,Random-150,30,True,25.062,6,NONE
438,Random-150,71,True,23.995,6,NONE
439,Random-150,2,True,19.851,5,NONE
440,Random-150,141,True,14.274,3,NONE
441,Random-150,41,True,11.119,2,NONE
442,Random-150,129,False,3.73,3,CHANNEL_DROP
443,Random-150,52,True,10.603,2,NONE
444,Random-150,53,False,0.0,7,CHANNEL_DROP
445,Random-150,18,True,6.91,1,NONE
446,Random-150,13,True,17.78,4,NONE
447,Random-150,57,True,16.905,4,NONE
448,Random-150,22,True,14.815,3,NONE
449,Random-150,36,True,27.73,7,NONE
450,Random-150,1,True,25.872,6,NONE
451,Random-150,10,True,10.048,2,NONE
452,Random-150,103,True,21.139,5,NONE
453,Random-150,52,True,10.424,2,NONE
454,Random-150,119,True,22.182,5,NONE
455,Random-150,149,True,21.131,5,NONE
456,Random-150,103,True,19.801,5,NONE
457,Random-150,100,True,13.754,3,NONE
458,Random-150,98,True,21.094,5,NONE
459,Random-150,149,False,17.481,5,CHANNEL_DROP
460,Random-150,137,True,6.336,1,NONE
461,Random-150,103,True,20.422,5,NONE
462,Random-150,29,False,17.476,6,CHANNEL_DROP
463,Random-150,121,True,24.527,6,NONE
464,Random-150,128,True,21.127,5,NONE
465,Random-150,77,True,22.074,5,NONE
466,Random-150,114,True,21.697,5,NONE
467,Random-150,101,False,6.501,3,CHANNEL_DROP
468,Random-150,98,True,20.785,5,NONE
469,Random-150,23,False,7.384,7,CHANNEL_DROP
470,Random-150,6,True,17.572,4,NONE
471,Random-150,10,True,10.224,2,NONE
472,Random-150,8,True,30.261,8,NONE
473,Random-150,75,True,21.127,5,NONE
474,Random-150,41,True,10.975,2,NONE
475,Random-150,109,True,17.12,4,NONE
476,Random-150,34,True,17.392,4,NONE
477,Random-150,101,True,13.965,3,NONE
478,Random-150,107,True,28.107,7,NONE
479,Random-150,10,True,10.282,2,NONE
480,Random-150,1,True,24.889,6,NONE
481,Random-150,13,True,17.658,4,NONE
482,Random-150,7,True,10.468,2,NONE
483,Random-150,93,True,23.378,5,NONE
484,Random-150,23,True,27.438,7,NONE
485,Random-150,37,True,20.292,5,NONE
486,Random-150,131,True,20.802,5,NONE
487,Random-150,106,True,10.866,2,NONE
488,Random-150,113,True,10.647,2,NONE
489,Random-150,119,False,18.096,5,CHANNEL_DROP
490,Random-150,77,True,20.938,5,NONE
491,Random-150,7,True,10.465,2,NONE
492,Random-150,19,True,29.069,7,NONE
493,Random-150,24,True,20.629,5,NONE
494,Random-150,48,False,18.163,6,CHANNEL_DROP
495,Random-150,28,True,17.294,4,NONE
496,Random-150,107,True,27.288,7,NONE
497,Random-150,69,True,18.107,4,NONE
498,Random-150,76,True,22.062,5,NONE
499,Random-150,131,True,21.612,5,NONE
500,Random-150,146,True,25.641,6,NONE
